PAGINA,DESCRIPCION,PRECIO,LOTE
2,"632 SET 2 PIEZAS (2,4,6,8,10) BLANCO",79.30,61
2,"632 SET 2 PIEZAS (2,4,6,8,10) TURQUEZA",79.30,61
2,"632 SET 2 PIEZAS (2,4,6,8,10) CORAL",79.30,61
2,"632 SET 2 PIEZAS (2,4,6,8,10) ROJO",79.30,61
2,"632 SET 2 PIEZAS (2,4,6,8,10) AQUA",79.30,61
2,"631 SET 3 PIEZAS (2,4,6,8,10) BLANCO",79.30,61
2,"631 SET 3 PIEZAS (2,4,6,8,10) TURQUEZA",79.30,61
2,"631 SET 3 PIEZAS (2,4,6,8,10) CORAL",79.30,61
2,"631 SET 3 PIEZAS (2,4,6,8,10) ROJO",79.30,61
2,"631 SET 3 PIEZAS (2,4,6,8,10) AQUA",79.30,61
2,"631 SET 3 PIEZAS (2,4,6,8,10) FUCSIA",79.30,61
2,"631 SET 3 PIEZAS (2,4,6,8,10) ROYAL BLUE",79.30,61
3,"632 SET 2 PIEZAS (2,4,6,8,10) BLANCO",79.30,61
3,"632 SET 2 PIEZAS (2,4,6,8,10) TURQUEZA",79.30,61
3,"632 SET 2 PIEZAS (2,4,6,8,10) CORAL",79.30,61
3,"632 SET 2 PIEZAS (2,4,6,8,10) ROJO",79.30,61
3,"632 SET 2 PIEZAS (2,4,6,8,10) AQUA",79.30,61
3,"C578 VESTIDO (2,4,6,8,10) BLANCO",67.60,52
3,"C578 VESTIDO (2,4,6,8,10) TURQUEZA",67.60,52
3,"C578 VESTIDO (2,4,6,8,10) ROJO",67.60,52
3,"C578 VESTIDO (2,4,6,8,10) FUCSIA",67.60,52
3,"C578 VESTIDO (2,4,6,8,10) MORADO",67.60,52
3,"C578 VESTIDO (2,4,6,8,10) CORAL",67.60,52
3,"C578 VESTIDO (2,4,6,8,10) AQUA",67.60,52
3,"C578 VESTIDO (2,4,6,8,10) ORO",67.60,52
4,"ELZA 2 PIEZAS (2,4,6,8,10) TURQUEZA",55.90,43
4,"P102 VESTIDO (M/6-9, L/9-12 MESES) PURPLE",29.90,23
4,"T136 VESTIDO (M/6-9, L/9-12 MESES) TURQUEZA",29.90,23
5,"A227 VESTIDO (2,4,6,8,10,12) TURQUEZA",39.00,30
5,"V220 VESTIDO (2,4,6,8,10,12) MORADO",39.00,30
5,"F191 VESTIDO (2,4,6,8,10,12) FUCSIA/IVORY",37.70,29
5,"202 VESTIDO (2,4,6,8,10,12) LILA",39.00,30
6,"OO5 VESTIDO (4,6,8,10,12,14) MULTICOLOR",22.10,17
6,"1844 VESTIDO (4,6,8,10,12,14) MULTICOLOR",22.10,17
6,"1846 VESTIDO (4,6,8,10,12,14) MINT",22.10,17
7,"V30 VESTIDO (2,4,6,8,10) MULTICOLOR",11.70,9
7,"OO9 SET 2 PIEZAS (4,6,8,10,) MINT",28.60,22
7,"9101 VESTIDO (4,6,8,10,12,14,16) NEGRO/BLANCO",19.50,15
7,"1717 VESTIDO (4,6,8,10,12) AZUL/ BLANCO",20.80,16
8,"N822 VESTIDO (5,6) NEGRO/BLANCO",26.00,20
8,"713 VESTIDO (4,6,8,10,12,14) FUCSIA",11.70,9
8,"L015 VESTIDO (2,3,4) MULTICOLOR",11.70,9
8,"LN69 VESTIDO (5,6,6X) MULTICOLOR",11.70,9
9,"C102 VESTIDO (S/3-6, M/6-9, L/9-12) CORAL",29.90,23
9,"OO7 VESTIDO (4,6,8,10) MINT",27.30,21
9,"OO8 VESTIDO (4,6,8,10,12,14) MINT/NEGRO",22.10,17
9,"OO5 VESTIDO (4,6,8,10,12,14) CORAL",22.10,17
9,"OO10 VESTIDO (4,6,8,10,12,14) MULTICOLOR",22.10,17
9,"OO10 VESTIDO (4,6,8,10,12,14) MINT",22.10,17
10,"498 SET 2 PIEZAS (4,6,8,10,12,14) NARANJA/MINT",20.80,16
10,"497 SET 2 PIEZAS (4,6,8,10,12,14) FUCSIA/BLANCO",20.80,16
10,"4999 SET (4,6,8,10,12,14) FUCSIA",22.10,17
10,"1715 SET 2 PIEZAS (4,6,8,10,12) NARANJA/BLANCO",19.50,15
11,"2938 SET 3 PIEZAS (4,6,8,10,12,14) AZUL",26.00,20
11,"1647 SET 4 PIEZAS (4,12,14) ROJO/NEGRO",28.60,22
11,"A106 SET 2 PIEZAS (8,10,12) AMARILLO",7.80,6
11,"A106 SET 2 PIEZAS (8,10,12) NARANJA",7.80,6
11,"A106 SET 2 PIEZAS (8,10,12) LIME",7.80,6
11,"9040 SET 2 PIEZAS (4,6,8,10,12,14,16) FUCSIA",22.10,17
12,"358 SET 2 PIEZAS (4,6,8,10,12,14) MULTICOLOR",22.10,17
12,"9013 BLUSA (4,6,8,10,12,14) MINT",16.90,13
12,"G002 PANTALON (S,M,L) NEGRO",3.90,3
12,"7600 BLUSA (4,5,6,7) CHERRY",5.20,4
12,"1123 PANTALON (S/M, L/XL) MULTICOLOR",6.50,5
12,"468 BLUSA (4,6,8,10,12,14) CORAL",15.60,12
12,"M876 PANTALON (S,M,L) MULTICOLOR",6.50,5
13,"9055 BLUSA (4,6,8,10,12,14) BEIGE",14.30,11
13,"585 PANTALON (S/M, L/XL) MULTICOLOR",6.50,5
13,"373 SET 2 PIEZAS (4,10,12,14) NEGRO/BLANCO",20.80,16
13,"9111 ENTERIZO (6,8,10,12,14,16) MULTICOLOR",16.90,13
14,"OO4 BLUSA (4,6,8,10,12,14) ROJO",14.30,11
14,"G002 PANTALON (S,M,L) NEGRO",3.90,3
14,"B8145 BLUSA (4,6,8,10,12,14) TEAL BLUE",15.60,12
14,"G002 PANTALON (S,M,L) NEGRO",15.60,12
14,"B468 BLUSA (4,6,8,10,12,14) BLANCO",16.90,13
14,"729 PANTALON (S/M, L/XL) MULTICOLOR",6.50,5
14,"879 BLUSA (4,6,8,10,12,14) FUCSIA",13.00,10
14,"R816 PANTALON (S/M, L/XL) MULTICOLOR",6.50,5
15,"8145 BLUSA (6,8,10,12,14) ROYAL BLUE",15.60,12
15,"730 PANTALON (S/M, L/XL) MULTICOLOR",6.50,5
15,"7600 BLUSA (5,6,7) BLANCO",5.20,4
15,"1044 PANTALON (S/M, L/XL) AZUL",6.50,5
15,"9096 BLUSA (4,6,8,10,12,14) CORAL",15.60,12
15,"787 PANTALON (S/M, L/XL) MULTICOLOR",6.50,5
15,"350 BLUSA (4,6,8,10,12) BLANCO",14.30,11
15,"1123 PANTALON (S/M, L/XL) MULTICOLOR",6.50,5
16,"R8145 BLUSA (6,8,10,12,14) ROJO",15.60,12
16,"729 PANTALON (S/M, L/XL) MULTICOLOR",6.50,5
16,"C468 BLUSA (4,6,8,10,12,14) CORAL",16.90,13
16,"724 PANTALON (S/M, L/XL) MULTICOLOR",6.50,5
16,M1157 BLUSA 2PZS MINT,15.60,12
16,"376 PANTALON (S/M, L/XL) MULTICOLOR",6.50,5
16,"1010 BLUSA (4,6,8,10,12) VERDE",14.30,11
16,"G002 PANTALON (S,M,L) NEGRO",3.90,3
17,"413 BLUSA (6,8,10,12,14) AZUL",13.00,10
17,"413 BLUSA (6,8,10,12,14) ROJO",13.00,10
17,"413 BLUSA (6,8,10,12,14) NEGRO",13.00,10
17,"413 BLUSA (6,8,10,12,14) FUCSIA",13.00,10
17,"621 PANTALON (S/M, L/XL) NEGRO/BLANCO",6.50,5
17,R1114 BLUSA UNITALLA ROJO,5.20,4
17,R1114 BLUSA UNITALLA PINK,5.20,4
17,R1114 BLUSA UNITALLA TURQUEZA,5.20,4
17,R1114 BLUSA UNITALLA PURPLE,5.20,4
17,SE925 PANTALON UNITALLA ROYAL BLUE,3.90,3
17,"B844 BLUSA (4,6,8,10,12) BLANCO",14.30,11
17,"G001 PANTALON (S,M,L) FUCSIA",3.90,3
17,"F1952 BLUSA (10,12,14) FUCSIA",14.30,11
17,"787 PANTALON (S/M, L/XL) MULTICOLOR",6.50,5
18,"G141 BLUSA (4,6,8,10,12,14) CORAL",5.20,4
18,"7818 SHORT (7,8,10,12,14,16) AZUL",11.70,9
18,"M141 BLUSA (4,6,8,10,12,14) MORADO",5.20,4
18,"8283 FALDA (3,4) AZUL",6.50,5
18,"R8145 BLUSA (6,8,10,12,14) ROJO",15.60,12
18,"7810 SHORT (7,8,10,12,14,16) AZUL",11.70,9
18,"OO3 BLUSA (4,6,8,10,12,14) CORAL",14.30,11
18,"7812 SHORT (7,8,10,12,14,16) AZUL",11.70,9
19,B1114 BLUSA UNITALLA AZUL,5.20,4
19,"3261 FALDA (S,M,L,XL) NEGRO/BLANCO",10.40,8
19,"R141 BLUSA (4,6,8,10,12,14) ROSA",6.50,5
19,"57296 CAPRI (4-5, / 6-6X) AZUL",13.00,10
19,"9112 SET 2PZS (4,6,8,10,12,14,16) CORAL",22.10,17
19,"B141 BLUSA (4,6,8,10,12,14) BABY BLUE",6.50,5
19,"7812 1 SHORT (7,8,10,12,14) AZUL",13.00,10
20,"877 BLUSA 2PZS (4,6,8,10,12,14) NEGRO/BLANCO",15.60,12
20,"550 LEGGIN (S/M, L/XL) MULTICOLOR",7.00,5
20,"R8104 BLUSA (4,6) ROYAL BLUE",7.00,5
20,"550 LEGGIN (S/M, L/XL) MULTICOLOR",7.00,5
20,"B457 BLUSA (4,6,8,10,12,14) BLANCO",15.60,12
20,"M876 LEGGIN (S,M,L) MULTICOLOR",7.00,5
20,"1620 BLUSA (4,6,8,10,12,14) CORAL",13.00,10
20,"G002 LEGGIN (S,M,L) NEGRO",4.20,3
21,"8109 BLUSA (4,6,8,10,12,14) TEAL BLUE",15.60,12
21,"R816 LEGGIN (S/M, L/XL) MULTICOLOR",7.00,5
21,"878 BLUSA (4,8,10,12,14) FUCSIA",16.90,13
21,"M878 LEGGIN (S,L) MULTICOLOR",7.00,5
21,"809 BLUSA (4,6,8,10,12,14) BEIGE",15.60,12
21,"1123 LEGGIN (S/M, L/XL) MULTICOLOR",7.00,5
21,"8123 BLUSA (4,6,8,10,12,14) ROJO",15.60,12
21,"787 LEGGIN (S/M, L/XL) MULTICOLOR",7.00,5
22,"R377 SET 2 PIEZAS (4,8,10,12,14) MULTICOLOR",23.40,18
22,"1643 SET 2 PIEZAS (4,8,10,12,14) CAFÉ/GOLD",26.00,20
22,"392 SET 2 PIEZAS (4,6,8,10,12,14) ROJO/BLANCO",26.00,20
22,"411 SET 2 PIEZAS (4,6,8,10,12,14) NEGRO/LEOPARDO",24.70,19
23,"A845 BLUSA (4,6,8,10,12,14) AQUA",14.30,11
23,"A623 LEGGIN (S/M, L/XL) MULTICOLOR",7.00,5
23,"420 BLUSA (4,6,8,10,12,14) NEGRO/BLANCO",15.60,12
23,"1044 LEGGIN (S/M, L/XL) AZUL",7.00,5
23,"R483 ENTERIZO (4,6,8,10,12,14) AZUL/BLANCO",19.50,15
23,"339 SET 2 PZS (4,6,8,10,12,14) MARRON",24.70,19
24,"F813 BLUSA (6,8,10,12,14) FUCSIA",13.00,10
24,"K01 LEGGIN (8,10,12,14) AZUL",10.40,8
24,"O136 BLUSA (4,6,8,10,12,14) ORANGE",6.50,5
24,"O136 BLUSA (4,6,8,10,12,14) BLACK",6.50,5
24,"O136 BLUSA (4,6,8,10,12,14) GRIS",6.50,5
24,"O136 BLUSA (4,6,8,10,12,14) BLANCO",6.50,5
24,"K11 LEGGIN (4,6,8,10) AZUL",10.40,8
24,"C8103 BLUSA (4,12,14) CORAL",14.30,11
24,"1110 LEGGINS (S/M, L/XL) NEGRO",6.50,5
24,"WIZARDS BLUSA (S,M,L,XL) TURQUEZA",6.50,5
24,"WIZARDS BLUSA (S,M,L,XL) BLANCO",6.50,5
24,"K01 LEGGIN (8,10,12,14) NAVY",10.40,8
25,"N373 SET 2 PIEZAS (4,6,8,10,12,14) NARANJA/BLANCO",20.80,16
25,"R413 SET 2 PIEZAS (4,6,8,10,12,14) ROYAL BLUE",27.30,21
25,"374 SET 2 PIEZAS (6,8,10,12,14) NEGRO/BLANCO",20.80,16
25,"421 BLUSA (4,6,8,10,12,14) NARANJA/BLANCO",15.60,12
25,"936 LEGGIN (S/M, L/XL) MULTICOLOR",6.50,5
26,"1725 VESTIDO (4,10,12,14) CORAL",20.80,16
26,"1612 VESTIDO (12,14) ROJO/BEIGE",20.80,16
26,1716 VESTIDO SIZE 4 MULTICOLOR,20.80,16
26,1730 VESTIDO SIZE 4 CORAL,20.80,16
26,"A102 VESTIDO (2,4,6,8,10,12) NARANJA",7.80,6
26,"A102 VESTIDO (2,4,6,8,10,12) AMARILLO",7.80,6
26,"A102 VESTIDO (2,4,6,8,10,12) LIME",7.80,6
27,"A637 BLUSA (10,12,14) AMARILLO",13.00,10
27,"1110 LEGGIN (S/M, L/XL) NEGRO",6.50,5
27,"457 BLUSA (4,6,8,10,12,14) ROYAL BLUE",16.90,13
27,"585 LEGGINS (S/M, L/XL) MULTICOLOR",6.50,5
27,"8101 BLUSA (4,6,8,10,12,14) BEIGE",13.00,10
27,"294 LEGGIN (S/M, L/XL) ROJO/NEGRO",6.50,5
27,"5004 BLUSA (12,14) NEGRO/BLANCO",15.60,12
27,"G001 LEGGIN (S,M,L) FUCSIA",3.90,3
28,"ST928 TOP (S,M,L) MULTICOLOR",25.20,18
28,"SP928 PANTY (S,M,L) MULTCOLOR",19.60,14
28,"G6014 BOXER (S/4-6,M/8-10,L/12-14) MULTICOLOR",19.60,14
28,"7304 PLAYERA (1/3, 4/6, 8/12) MULTICOLOR",29.40,21
28,"GP023 DOCENA (S,M,L) MULTICOLOR",19.60,14
28,"GT023 DOCENA (S,M,L) MULTICOLOR",25.20,18
28,"GT025 TOP (S,M,L) MULTICOLOR",25.20,18
28,"GP025 PANTY (S,M,L) MULTICOLOR",19.60,14
29,"70043 CALCETINES (2/3,4/6,6/8,9/11) MULTICOLOR",9.80,7
29,"TM CALCETINES (2/3,4/6,6/8,9/11) MULTICOLOR",9.80,7
29,"BA60 PANTYS (1/3,4/6) MULTICOLOR",16.80,12
29,"RN CALCETINES (4/6, 6/8) MULTICOLOR",11.20,8
29,"310 CALCETINES (S/18-24, M/2-3, L/4-5, XL/5-6) MULTICOLOR",14.00,10
29,"GP PANTYS (S/1-2, M/3-4, L/5-6, XL/7-8) MULTICOLOR",12.60,9
29,"ROSE CALCETINES (6/8, 9/11) MULTICOLOR",9.80,7
30,"258 SET 2PZS (S,M,L,XL) LILIA",13.00,10
30,298 MONEDEROS ACCESORIO MULTICOLOR,13.00,10
30,"21A SET 2PZS (4,6,8,10) AQUA",11.70,9
30,SOMBRERO UNITALLA IVORY,5.00,3
30,SOMBRERO UNITALLA TURQUEZA,5.00,3
30,SOMBRERO UNITALLA PINK,5.00,3
30,SOMBRERO UNITALLA LILA,5.00,3
31,G181 ACCESORIO (144 PIEZAS) MULTICOLOR,10.40,8
31,2108 ACCESORIO DOCENA MULTICOLOR,10.40,8
31,2074 ACCESORIO DOCENA NEGRO,10.40,8
31,505 ACCESORIO (1200 PZS) NEGRO,10.40,8
31,O33 ACCESORIO (72 PZS) MULTICOLOR,10.40,8
31,3061 ACCESORIO DOCENA MULTICOLOR,10.40,8
31,P50 ACCESORIO (120 PZS) MULTICOLOR,10.40,8
31,3100 ACCESORIO (48 PZS) NEGRO/SILVER,10.40,8
31,3100 ACCESORIO (48 PZS) GOLD,10.40,8
32,1867 ACCESORIO DOCENA MULTICOLOR,10.40,8
32,798 ACCESORIO DOCENA MULTICOLOR,10.40,8
32,1887 ACCESORIO DOCENA MULTICOLOR,10.40,8
32,1292 ACCESORIO DOCENA MULTICOLOR,10.40,8
32,556 ACCESORIO DOCENA MULTICOLOR,10.40,8
32,4124 ACCESORIO DOCENA MULTICOLOR,10.40,8
32,1869 ACCESORIO DOCENA NEGRO/SILVER,10.40,8
32,4038 ACCESORIO DOCENA MULTICOLOR,10.40,8
33,149 ACCESORIO DOCENA MULTICOLOR,10.40,8
33,P027 ACCESORIO (24PZS) MULTICOLOR,10.40,8
33,O5 DIADEMA FUCSIA,8.00,6
33,O4 DIADEMA BLANCO,8.00,6
33,O8 DIADEMA AMARILLO,8.00,6
33,O2 DIADEMA PURPLE,8.00,6
33,O3 DIADEMA TURQUEZA,8.00,6
33,B890 ACCESORIO DOCENA MULTICOLOR,10.40,8
33,O563 ACCESORIO DOCENA MULTICOLOR,10.40,8
33,1873 ACCESORIO DOCENA MULTICOLOR,10.40,8
34,R983 ACCESORIO (24PZS) NEGRO/BLANCO,10.40,8
34,4305 ACCESORIO DOCENA SILVER,10.40,8
34,4273 ACCESORIO DOCENA GOLD/SILVER,10.40,8
34,3073 ACCESORIO (144 PARES) MULTICOLOR,10.40,8
34,1160 ACCESORIO (36 PARES) MULTICOLOR,10.40,8
34,1908 ACCESORIO (36 PARES) MULTICOLOR,10.40,8
34,3115 ACCESORIO (180 PARES) MULTICOLOR,10.40,8
34,1874 ACCESORIO (144 PARES) GOLD,10.40,8
34,N3029 ACCESORIO (108 PARES) MULTICOLOR,10.40,8
35,4274 ACCESORIO (24 PZS) MULTICOLOR,10.40,8
35,4271 ACCESORIO (24 PZS) GOLD,10.40,8
35,3113 ACCESORIO (180 PARES) MULTICOLOR,10.40,8
35,M3029 ACCESORIO (108 PARES) MULTICOLOR,10.40,8
35,1146 ACCESORIO DOCENA SILVER,10.40,8
35,3018 ACCESORIO DOCENA MULTICOLOR,10.40,8
35,4311 ACCESORIO DOCENA GOLD/SILVER,10.40,8
35,10 ACCESORIO SILVER,10.40,8
35,10 ACCESORIO GOLD,10.40,8
35,3125 ACCESORIO DOCENA GOLD,10.40,8
35,3125 ACCESORIO DOCENA SILVER,10.40,8
35,2017 ACCESORIO DOCENA GOLD,11.70,9
36,3088 ACCESORIO (72 PZS) MULTICOLOR,10.40,8
36,1259 ACCESORIO (96 PZS) MULTICOLOR,10.40,8
36,3086 ACCESORIO (72 PZS) MULTICOLOR,10.40,8
36,1804 ACCESORIO (72 PZS) MULTICOLOR,10.40,8
36,3085 ACCESORIO (72 PZS) MULTICOLOR,10.40,8
36,3089 ACCESORIO (72 PZS) MULTICOLOR,10.40,8
36,1263 ACCESORIO (72 PZS) MULTICOLOR,10.40,8
36,1257 ACCESORIO (120 PZS) MULTICOLOR,10.40,8
36,1076 ACCESORIO DOCENA MULTICOLOR,10.40,8
37,2069 ACCESORIO (120 PZS) MULTICOLOR,10.40,8
37,2070 ACCESORIO (120 PZS) MULTICOLOR,10.40,8
37,P65 ACCESORIO (120 PZS) MULTICOLOR,10.40,8
37,4164 ACCESORIO (120 PZS) MULTICOLOR,10.40,8
37,4161 ACCESORIO (120 PZS) MULTICOLOR,10.40,8
37,P376 ACCESORIO (48 PZS) MULTICOLOR,10.40,8
37,3035 ACCESORIO DOCENA MULTICOLOR,10.40,8
37,B919 ACCESORIO DOCENA MULTICOLOR,10.40,8
37,3066 ACCESORIO (24 PZS) MULTICOLOR,10.40,8
38,442 MUÑECA 2PZS ,33.80,26
38,444 MUÑECA,31.20,24
38,440 MUÑECA,31.20,24
38,441 MUÑECA,31.20,24
38,443 MUÑECA,31.20,24
39,SOPHIA MUÑECA LILA,13.00,10
39,ELIA MUÑECA PINK,13.00,10
39,ISABELLA MUÑECA LILA/ROSA,13.00,10
39,ELIZABETH MUÑECA CORAL/ROJO,13.00,10
39,EMMA MUÑECA CORAL,13.00,10
39,JACKELIN MUÑECA CAFÉ,13.00,10
39,ANGEL MUÑECO BEIGE,13.00,10
39,AUSTIN MUÑECO ROJO,13.00,10
39,REX MUÑECO BROWN,13.00,10
40,"ROSARY (9,10,11,12,13,1,2,3,4) MINT",13.00,10
40,"ROSARY (9,10,11,12,13,1,2,3,4) CORAL",13.00,10
40,"ELIZA (9, 10, 11, 12, 13, 1, 2, 3, 4) MINT",13.00,10
40,"ELIZA (9,10,11,12,13,1,2,3,4) FUCSIA",13.00,10
40,"PAULINE (9,10,11,12,13,1,2,3,4) MINT",13.00,10
40,"PAULINE (9,10,11,12,13,1,2,3,4) IVORY",13.00,10
40,"ADINA (9,10,11,12,13,1,2,3,4) CORAL",13.00,10
40,"SELINA (9,10,11,12,13,1,2,3,4) BEIGE",13.00,10
40,"SELINA (9,10,11,12,13,1,2,3,4) CORAL",13.00,10
40,"646 (9,10,11,12,13,1,2,3,4) SILVER",14.30,11
40,"B724(5,7 INFANTS) BLANCO",11.70,9
40,"M746 (8,9 INFANTS) MULTICOLOR",10.40,8
41,"806 (9,10,11,12,13,1,2,3,4) GOLD",13.00,10
41,"B802 (9,10,11,12,13,1,2,3,4) NEGRO",13.00,10
41,"S802 (9,10,11,12,13,1,2,3,4) SILVER",13.00,10
41,"R341 (9,10,11,12,13,1,2,3,4) ROJO",13.00,10
41,"767 (9,10,11,12,13,1,2,3,4) NEGRO",14.30,11
41,"658 (9,10,11,12,13,1,2,3,4) ROJO",13.00,10
41,"N813 (9,10,11,12,13,1,2,3,4) NEGRO",14.30,11
41,"B759 (9,10,11,12,13,1,2,3,4) BLANCO",14.30,11
41,"B668 (9,10,11,12,13,1,2,3,4) BLANCO",14.30,11
41,"S671 (9,10,11,12,13,1,2,3,4) SILVER",14.30,11
41,"S671 (9,10,11,12,13,1,2,3,4) BLANCO",14.30,11
41,"B811 (9,10,11,12,13,1,2,3,4) BLANCO",14.30,11
41,"S671 (9,10,11,12,13,1,2,3,4) IVORY",14.30,11
42,AVA SIZE 12 BLANCO,13.00,10
42,"C348 (9,11) CORAL",13.00,10
42,"MIRO (9,10,11) SILVER",13.00,10
42,"ZKA (9,10,11,12,12,1,3) CORAL",14.30,11
42,"ZKA (9,10,11,12,13) MINT",14.30,11
42,"822 (10,11,12,12,1,2,3,4) PURPLE",11.70,9
42,"800D (6,7,8,9,10,11) NEGRO",18.20,14
42,"L141 (3,4) FUCSIA",11.70,9
42,"L141 (3,4) NEGRO",11.70,9
42,"L141 (3,4) ROJO",11.70,9
42,"L260 (4,5,6) FUCSIA",11.70,9
42,"L260 (4,5,6) NEGRO",11.70,9
42,"L260 (4,5,6) PURPLE",11.70,9
42,"792 (9,10,11,12,13,1,2,3,4) CAFÉ",19.50,15
42,"792 (9,10,11,12,13,1,2,3,4) NEGRO",19.50,15
42,"791 (9,10,11,12,13,1,2,3,4) NEGRO",19.50,15
42,"791 (9,10,11,12,13,1,2,3,4) CAFÉ",19.50,15
43,730 SIZE 5 BLANCO,13.00,10
43,"660 (5,6) NEGRO",13.00,10
43,"5158 (0,1,2,3,4,5 INFANTS) BROWN",9.10,7
43,"5158 (0,1,2,3,4,5 INFANTS) PINK",9.10,7
43,"5158 (0,1,2,3,4,5 INFANTS) GRIS",9.10,7
43,"5157 (0,1,2,3,4,5 INFANTS) BROWN",9.10,7
43,"5157 (0,1,2,3,4,5 INFANTS) FUCSIA",9.10,7
43,"5157 (0,1,2,3,4,5 INFANTS) AZUL",9.10,7
43,"1355 SET 2PZS (S/6,M/8-10,L/12-14,XL/16) NEGRO",16.90,13
43,"1355 SET 2PZS (S/6,M/8-10,L/12-14,XL/16) ROJO",16.90,13
43,"1355 SET 2PZS (S/6,M/8-10,L/12-14,XL/16) TURQUEZA",16.90,13
44,1111 ACCESORIO (24 PZS) MULTICOLOR,10.40,8
44,G20 ACCESORIO (505 PZS) MULTICOLOR,10.40,8
44,41 BOLSO IVORY,3.00,2
44,1312 ACCESORIO DOCENA MULTICOLOR,10.40,8
44,"BG09 (0,1,2,3,4) FUCSIA",9.45,7
44,"BG09 (0,1,2,3,4) AZUL",9.45,7
45,"R12 CAMISA (4,,8,10,12,14) ROJO",10.40,8
45,"N20 CAMISA (4,,8,10,12,14) NEGRO",10.40,8
45,"B19 CAMISA (4,,8,10,12,14) BLANCO",10.40,8
45,"KV10 CHALECO (4,6,8,10) BEIGE",11.70,9
46,"30 SET 4 PIEZAS (2,4,6,8,10,12,14,16) NEGRO/MORADO",46.80,36
46,"RSC/041 SET 2 PIEZAS (8,12,14) BLANCO",26.00,20
46,"30 SET 4 PIEZAS (2,4,6,8,10,12,14,16) NEGRO/TURQUEZA",46.80,36
47,"30 SET 4 PIEZAS (2,4,6,8,10,12,14,16) NEGRO/CORAL",46.80,36
47,"30 SET 4 PIEZAS (2,4,6,8,10,12,14,16) NEGRO/FUCSIA",46.80,36
47,"35 SET 4 PIEZAS (4,6,8,10,12,14,16) BLANCO",46.80,36
47,"31 SET 4 PIEZAS (4,6,8,10,12,14,16) NEGRO/BLANCO",46.80,36
48,"GUAYABERA (8,10,12,14) BEIGE",10.40,8
48,RSC/041 PANTALON/SACO SIZE 12 GRIS,26.00,20
48,"2020 Calzado (10,11,12,13,1,2,3,4) CAFÉ",11.70,9
48,"M173 Calzado (10,11,12,13,1,2,3,4) NEGRO",15.60,12
48,"M1737 Calzado (10,11,12,13,1,2,3,4) BLANCO",15.60,12
48,"N1527 Calzado (10,11,12,13,1,2,3,4) NEGRO",15.60,12
48,"M1527 Calzado (10,11,12,13,1,2,3,4) BLANCO",15.60,12
48,"B1691 Calzado (4,5,6,7,8,9) NEGRO",15.60,12
48,"B657 Calzado (4,5,6,7,8,9) BLANCO",15.60,12
49,"27 Camisa (4,6,8,10,12,14) FUCSIA",15.60,12
49,"25 Camisa (4,6,8,10,12,14) TURQUEZA",15.60,12
49,"22 Camisa (4,6,8,10,12,14) CORAL",15.60,12
49,"21 Camisa (4,6,8,10,12,14) BABY BLUE",15.60,12
49,"26 Camisa (4,6,8,10,12,14) MINT",15.60,12
49,"24 Camisa (4,6,8,10,12,14) LILA",15.60,12
49,"20 Camisa (4,6,8,10,12,14) ROJO",15.60,12
49,"23 Camisa (4,6,8,10,12,14) PURPLE",15.60,12
49,"6862 Camisa (10,12,14) BLANCO",9.10,7
50,"810 SET 2 PZS (4,5) GRIS",6.00,4
50,"1303 SET 2 PZS (2,3,4,5,6,7) ROYAL BLUE",15.60,12
50,"1645 SET 2 PZS (2,3,4,5,6,7) NARANJA",15.60,12
50,"1374 SET 2 PZS (2,3,4) ROJO/BEIGE",15.60,12
51,"1313 SET 2 PZS (2,3,4) VERDE",15.60,12
51,"3032 SET 2 PZS (2,3,4) NARANJA",15.60,12
51,"26946 SET 2 PZS (2,3,4) AZUL",15.60,12
51,"26946 SET 2 PZS (2,3,4) CAFÉ",15.60,12
51,"AT001 PLAYERA (2,4,6,8,10) VERDE",6.00,4
51,"G015 SHORT (4,6,8,10,12,14) GRIS",13.00,10
52,"R36 Camisa (4,6,8,10,12,14) ROJO",13.00,10
52,"JB60 Pantalon (4,6,8,10,12,14) AZUL",15.60,12
52,"T36 Camisa (4,6,8,10,12,14) TURQUEZA",13.00,10
52,"302 Pantalon (4,6,8,10,12,14) AZUL",15.60,12
52,"N36 Camisa (4,6,8,10,12,14) NEGRO",13.00,10
52,"JB67 Pantalon (4,6,8,10,12,14) AZUL",15.60,12
52,"B36 Blanco (4,6,8,10,12,14) BLANCO",13.00,10
52,"JB60 Pantalon (4,6,8,10,12,14) NEGRO",15.60,12
53,"4810 SET 2 PIEZAS (5,6,7,8,10,12,14) colores variados",16.90,13
53,"4810 SET 2 PIEZAS (5,6,7,8,10,12,14) colores variados",16.90,13
53,"MB5 Playera (M,L) colores variados",8.00,6
53,"JB60 Pantalon (4,6,8,10,12,14) NEGRO",15.60,12
53,"K12 Playera (5,10/12,14/16,18) Colore",10.40,8
53,"G015 SHORT (4,6,8,10,12,14) GRIS",13.00,10
54,"BA7500 Playera (S/4-7,M/6-8,L/10-12,XL/14-16) BLANCO",18.20,14
54,"BY2112 Boxer (S/4-7,M/6-8,L/10-12,XL/14-16) Multicolor",20.80,16
54,"BOXER NIÑO (S,M,L,XL) Multicolor",6.00,4
54,O26 BOXER DOCENA UNITALLA Multicolor,22.10,17
54,"BC345 Truza Niño (S,M,L,XL) Multicolor",16.90,13
55,"CH Calcetines (2/3,4/6,6/8) Multicolor",9.80,7
55,"OR23 Calcetines (4/6,6/8,9/11) Multicolor",9.80,7
55,"MR Calcetines (2/3,4/6,6/8) Multicolor",9.80,7
55,"70023 Calcetines (4/6, 6/8) Multicolor",9.80,7
55,"FR Calcetines (2/3, 4/6, 6/8) Multicolor",9.80,7
55,"PR Calcetines (2/3, 4/6,6/8) Multicolor",9.80,7
55,"LNN Calcetines (2/3, 4/6,6/8) BLANCO",9.80,7
55,"CNN Calcetines (2/3, 4/6,6/8) BLANCO",9.80,7
55,"NN Calcetines (4/6,6/8,9/11) NEGRO",9.80,7
56,"RSCJ/041 SET 2 PIEZAS (12,14) BONE/MANTEQUILLA",26.00,20
56,RSCJ/041 SET 2 PIEZAS SIZE 14 NEGRO/MANTEQUILLA,26.00,20
56,RSC/041 SET 2 PIEZAS SIZE 12 CAFÉ/MANTEQUILLA,26.00,20
56,"RSCJ/041 SET 2 PIEZAS (10,12,14) BONE/COGÑAC",26.00,20
