PAGINA,DESCRIPCION,PRECIO,price
1,614 Bota Mantarraya Clon Resacada (6-11) Negro,105.98,78.50
1,614 Bota Mantarraya Clon Resacada (6-11) Café,105.98,78.50
1,067 Cinto Cincelado Clon (32-42) Plata,24.30,18.00
1,637 Bota (6-11) Negro,105.98,78.50
1,637 Bota (6-11) Sherry,105.98,78.50
2,517 Bota lizard Clon resacada cincelado Negro,103.28,76.50
2,517 Bota lizard Clon resacada cincelado Café,103.28,76.50
2,017 Cinto Elefante Clon (32-42) Negro,24.30,18.00
2,017 Cinto Elefante Clon (32-42) Café,24.30,18.00
2,632 Bota Tiburon con pechera bordada (6-11) Negro,105.98,78.50
2,032 Cinto tiburon Clon (32-42) Negro,24.30,18.00
3,663 Bota Bi-tono Avestruz 3X (6-11) Cogñac,105.98,78.50
3,663 Bota Bi-tono Avestruz 3X (6-11) Fuego,105.98,78.50
3,663 Bota Bi-tono Avestruz 3X (6-11) Humo,105.98,78.50
3,663 Bota Bi-tono Avestruz 3X (6-11) Gris,105.98,78.50
3,R1563 Cinto Bi-tono C/Herraje Cruz Diamante (32-42) Fuego,53.33,39.50
3,R1563 Cinto Bi-tono C/Herraje Cruz Diamante (32-42) Humo,53.33,39.50
3,R1563 Cinto Bi-tono C/Herraje Cruz Diamante (32-42) Negro,53.33,39.50
4,446 Bota Rodeo Bi-tono Cayman (6-11) Fuego,100.58,74.50
4,446 Bota Rodeo Bi-tono Cayman (6-11) Humo,100.58,74.50
4,VBD56 Cinto Bi-tono C/Herraje Cruz Diamante (32-42) fuego,50.63,37.50
4,VBD56 Cinto Bi-tono C/Herraje Cruz Diamante (32-42) Humo,50.63,37.50
4,563 Bota Ave Clon Manglar Bi-tono Punta Europea (6-11) Fuego,105.98,78.50
4,563 Bota Ave Clon Manglar Bi-tono Punta Europea (6-11) Humo,105.98,78.50
4,563 Bota Ave Clon Manglar Bi-tono Punta Europea (6-11) Negro,105.98,78.50
4,R1563 Cinto Bi-tono C/Herraje Cruz Diamante (32-42) Fuego,53.33,39.50
4,R1563 Cinto Bi-tono C/Herraje Cruz Diamante (32-42) Humo,53.33,39.50
4,R1563 Cinto Bi-tono C/Herraje Cruz Diamante (32-42) Negro,53.33,39.50
4,063 Cinto Vaquero Clon Bi-tono (32-42) COGÑAC,25.65,19.00
4,063 Cinto Vaquero Clon Bi-tono (32-42) FUEGO,25.65,19.00
4,063 Cinto Vaquero Clon Bi-tono (32-42) HUMO,25.65,19.00
4,063 Cinto Vaquero Clon Bi-tono (32-42) GRIS,25.65,19.00
4,046 Cinto Vaquero Clon Bi-tono (32-42) FUEGO,25.65,19.00
4,046 Cinto Vaquero Clon Bi-tono (32-42) HUMO,25.65,19.00
5,660 Bota Cincelada (6-11) NEGRO,276.75,205.00
5,660 Bota Cincelada (6-11) NATURAL,276.75,205.00
5,060 Cinto Cincelado (32-42) NEGRO,47.25,35.00
5,060 Cinto Cincelado (32-42) NATURAL,47.25,35.00
5,960 Bota Cincelada Punta J (6-11) NEGRO,276.75,205.00
5,960 Bota Cincelada Punta J (6-11) NATURAL,276.75,205.00
6,661 Bota Cincelada (6-11) NEGRO,180.90,134.00
6,661 Bota Cincelada (6-11) BLANCO,180.90,134.00
6,061 Cinto Cincelado Gotico (32-42) NEGRO,47.25,35.00
6,061 Cinto Cincelado Gotico (32-42) BLANCO,47.25,35.00
6,636 Bota 6x Coco Y Lentejuelas (6-11) NEGRO,105.98,78.50
6,036 Cinco Vaquero Combinado Coco/Lentejuelas (32-42) Negro,22.95,17.00
7,404 Bota Rodeo (6-11) café,96.53,71.50
7,404 Bota Rodeo (6-11) negro,96.53,71.50
7,472 Bota Rodeo Shoulder (6-11) café,106.65,79.00
7,472 Bota Rodeo Shoulder (6-11) negro,106.65,79.00
7,827 Bota Rodeo Resacada Laser (6-11) shedron,105.98,78.50
7,044 Cinto Vaquero Rodeo (32-42) café,20.25,15.00
7,044 Cinto Vaquero Rodeo (32-42) negro,20.25,15.00
8,476 Bota Rodeo Clon Resacada (6-11) shedron,89.78,66.50
8,550 Bota Rodeo de Pechera (6-11) café,66.83,49.50
8,512 Bota Rodeo de Remache (6-11) café,66.83,49.50
9,401 Bota Chata doble Suela (6-11) negro,89.78,66.50
9,401 Bota Chata doble Suela (6-11) miel,89.78,66.50
9,400 Bota Chata doble Suela (6-11) negro,83.03,61.50
9,402 Bota Chata doble Suela (6-11) café,91.13,67.50
9,042 Cintos Biker (32-42) café,20.25,15.00
9,042 Cintos Biker (32-42) miel,20.25,15.00
9,042 Cintos Biker (32-42) negro,20.25,15.00
9,412 Bota Chata doble Suela Bordada (6-11) café,91.13,67.50
10,930 Bota Punta J Python Original (6-11) natural,140.40,104.00
10,930 Bota Punta J Python Original (6-11) negro,140.40,104.00
10,630 Bota Punta X Python Original (6-11) negro,147.15,109.00
10,630 Bota Punta X Python Original (6-11) natural,147.15,109.00
10,950 Bota Punta J Carunga Original (6-11) natural,120.15,89.00
10,925 Bota Punta J Pata Ave Origibal (6-11) negro,147.15,109.00
11,"407 Bota Clon Cayman,Semi Oval Casual (6-11) negro",87.75,65.00
11,156 Cinto Clon Cayman Lomo Hebilla Cuadrada (32-42) café,22.28,16.50
11,156 Cinto Clon Cayman Lomo Hebilla Cuadrada (32-42) negro,22.28,16.50
11,405 Bota Clon Cayman Casual Con Cinto (6-11) café,87.75,65.00
11,405 Bota Clon Cayman Casual Con Cinto (6-11) negro,87.75,65.00
11,406 Bota Elefante Rodeo Casual (6-11) negro,87.75,65.00
12,667 Bota 6X Cincelada Clon (6-11) plata,102.60,76.00
12,067 Cinto Cincelado Clon (32-42) plata,22.95,17.00
12,680 Bota 3X Mesclilla c/Lizard Clon (6-11) blanco,89.10,66.00
12,680 Bota 3X Mesclilla c/Lizard Clon (6-11) rojo,89.10,66.00
12,VBD80 Cinto Mesclilla c/Herraje (32-42) blanco,48.60,36.00
12,VBD80 Cinto Mesclilla c/Herraje (32-42) rojo,48.60,36.00
12,580 Bota Europea Mesclilla c/Cincelado (6-11) plata,93.15,69.00
13,623D Bota Clon Pata c/Diamantes 9X (6-11) rustic,116.10,86.00
13,691 Bota 9x Pez Vela Piel Africa Tejido a Mano (6-11) plata,106.65,79.00
13,691D Bota 9x Pez Vela Replica c/ Diamantes (6-11) blanco,116.10,86.00
13,691D Bota 9x Pez Vela Replica c/ Diamantes (6-11) negro,116.10,86.00
13,191D Cinto Clon Diamantes (32-42) negro,24.30,18.00
13,191D Cinto Clon Diamantes (32-42) plata,24.30,18.00
13,191D Cinto Clon Diamantes (32-42) blanco,24.30,18.00
13,191 Cinto Pez Vela Clon (32-42) plata,21.60,16.00
13,023D Cinto Clon Diamantes (32-42) rustic,24.30,18.00
14,609 Bota Anguila Punta x (6-11) negro,120.15,89.00
14,609 Bota Anguila Punta x (6-11) rojo,120.15,89.00
14,609 Bota Anguila Punta x (6-11) blanco,120.15,89.00
14,656 Bota 6x Coco Cola Replica (6-11) negro,99.90,74.00
14,656 Bota 6x Coco Cola Replica (6-11) rojo,99.90,74.00
14,656 Bota 6x Coco Cola Replica (6-11) blanco,99.90,74.00
14,VBD56 Cinto Coco Replica c/ Herraje (32-42) rojo,48.60,36.00
14,VBD56 Cinto Coco Replica c/ Herraje (32-42) negro,48.60,36.00
14,VBD56 Cinto Coco Replica c/ Herraje (32-42) blanco,48.60,36.00
15,448 Bota Europea c/Cruz y Diamantes (6-11) negro,102.60,76.00
15,448 Bota Europea c/Cruz y Diamantes (6-11) blanco,102.60,76.00
15,668 6X Bota Rosario (6-11) negro,102.60,76.00
15,668 6X Bota Rosario (6-11) blanco,102.60,76.00
15,M16011 Cinto Venado c/Herraje Cruz (32-42) negro,43.20,32.00
15,M16011 Cinto Venado c/Herraje Cruz (32-42) blanco,43.20,32.00
16,641 Bota African Brush (6-11) plata,81.00,60.00
16,641 Bota African Brush (6-11) bronce,81.00,60.00
16,640 Bota 6X Tejida c/ Cuello de Toro (6-11) negro,83.70,62.00
16,640 Bota 6X Tejida c/ Cuello de Toro (6-11) café,83.70,62.00
16,611 Bota Venado (6-11) negro,81.00,60.00,
16,611 Bota Venado (6-11) hueso,81.00,60.00,
16,011 Cinto Venado (32-42) hueso,20.25,15.00,
16,011 Cinto Venado (32-42) negro,20.25,15.00,
16,011 Cinto Venado (32-42) blanco,20.25,15.00,
16,041 Cinto African Brush (32-42) plata,20.25,15.00,
16,041 Cinto African Brush (32-42) bronce,20.25,15.00,
17,CD3554 Camisa Manga Larga c/ vista (S-2XL) negro,20.25,15.00,
17,CD3554 Camisa Manga Larga c/ vista (S-2XL) blanco,20.25,15.00,
18,CD6232 Camisa Manga Larga c/ vista (S-2XL) verde,20.25,15.00,
18,CD6232 Camisa Manga Larga c/ vista (S-2XL) rojo,20.25,15.00,
18,CD6232 Camisa Manga Larga c/ vista (S-2XL) negro,20.25,15.00,
19,CD6266 Camisa Manga Larga c/ vista (S-2XL) morado,20.25,15.00,
19,CD6266 Camisa Manga Larga c/ vista (S-2XL) rojo,20.25,15.00,
19,CD6266 Camisa Manga Larga c/ vista (S-2XL) azul,20.25,15.00,
20,LS1803 Mens 100% Cotton shirts (S-2XL) blanco,20.93,,june11-2015 betty
20,LS1803 Mens 100% Cotton shirts (S-2XL) negro,20.93,,june11-2015 betty
20,LS1803 Mens 100% Cotton shirts (S-2XL) vino,20.93,,june11-2015 betty
21,LS1801 Camisa Manga larga a cuadros (S-2XL) negro,24.30,18.00,
21,LS1801 Camisa Manga larga a cuadros (S-2XL) azul,24.30,18.00,
21,LS1801 Camisa Manga larga a cuadros (S-2XL) olivo,24.30,18.00,
22,LS1870 Camisa Caballero Manga Larga (S-2XL) rojo,20.93,,june11-2015 betty
22,LS1870 Camisa Caballero Manga Larga (S-2XL) morado,20.93,,june11-2015 betty
22,LS1870 Camisa Caballero Manga Larga (S-2XL) azul,20.93,,june11-2015 betty
23,LS1880 Camisa Manga Larga c/ vista (S-2XL) negro,20.93,15.50,
23,LS1845 Camisa Caballero Estampada (S-2XL) royal,20.93,15.50,
23,LS202 Camisa Manga Larga c/ vista (S-2XL) negro,20.93,15.50,
23,CD6266 Camisa Manga Larga c/ vista (S-2XL),20.25,15.00,
24,FTL795 Mens 100% Cotton shirts (S-2XL) azul claro,19.58,14.50,
24,FTL795 Mens 100% Cotton shirts (S-2XL) rojo,19.58,14.50,
24,FTL795 Mens 100% Cotton shirts (S-2XL) marron,19.58,14.50,
24,FTL795 Mens 100% Cotton shirts (S-2XL) negro,19.58,14.50,
25,CALV 929 Mens 100% Cotton shirts (S-2XL) blue-azul,20.25,15.00
25,CALV 930 Mens 100% Cotton shirts (S-2XL) gucci-beige,20.25,15.00
25,CALV 931 Mens 100% Cotton shirts (S-2XL) red-rojo,20.25,15.00
26,LS1890 Camisa Manga Larga c/ vista (S-2XL) silver,20.25,15.00
26,LS163 Camisa Manga Larga c/ vista (S-2XL) gris,20.25,15.00
26,LS205 Camisa Manga Larga c/ vista (S-2XL) negro,20.25,15.00
27,JS-45 Pantalon Mezclilla (32-40) azul mezclilla,16.20,12.00
27,JS-48 Pantalon Mezclilla (32-40) azul mezclilla,16.20,12.00
28,JS-AS Jeans Mantarraya y Coco (32-40) azul mezclilla,27.00,20.00
28,AR-2155 Pantalon Mezclilla (32-40) azul mezclilla,20.25,15.00
29,AR-1455 Pantalon Demin (32-40) negro,20.25,15.00
29,AR-2153 Pantalon Mezclilla (32-40) blanco gris,20.25,15.00
30,1498B Traje c/ Applicacion café coco mantequilla,77.63,57.50
30,1499 Traje Lizo hueso,49.95,37.00
31,1498H Traje c/ Applicacion hueso ave mantequilla,75.60,56.00
31,1498H Traje c/ Applicacion hueso ave shedron,75.60,56.00
31,1498H Traje c/ Applicacion hueso coco mantequilla,75.60,56.00
31,1498H Traje c/ Applicacion hueso coco shedron,75.60,56.00
32,8809 Camisa Niño c/ Cruz (2-14) blanco,16.20,12.00
32,8809 Camisa Niño c/ Cruz (2-14) royal,16.20,12.00
32,8809 Camisa Niño c/ Cruz (2-14) b.blue,16.20,12.00
33,S05B Camisa Hecho en Mexico (S-XL) negro,10.46,7.75
33,S05B Camisa Hecho en Mexico (S-XL) blanco,10.46,7.75
33,S05H Camisa Me Vale (S-XL) negro,10.46,7.75
33,S05H Camisa Me Vale (S-XL) blanco,10.46,7.75
33,S05A Camisa you may know Karate (S-XL) negro,10.46,7.75
33,S05A Camisa you may know Karate (S-XL) blanco,10.46,7.75
33,S05F Camisa El Borracho (S-XL) negro,10.46,7.75
34,Londres Zapato Guante Cabra Clon Cayman (6-11) negro,59.40,44.00
34,236 Zapato Original Coco/Avestruz (6-11) hueso,148.50,110.00
34,236 Zapato Original Coco/Avestruz (6-11) negro,148.50,110.00
35,903 Bota Punta J Pata Ave Original (6-11) mantequilla,282.15,209.00
35,903 Bota Punta J Pata Ave Original (6-11) orix,282.15,209.00
35,903 Bota Punta J Pata Ave Original (6-11) negro,282.15,209.00
35,903 Bota Punta J Pata Ave Original (6-11) shedron,282.15,209.00
35,903 Bota Punta J Pata Ave Original (6-11) hueso,282.15,209.00
36,906 Bota Punta J Coco Cola Original (6-11) hueso,282.15,209.00
36,906 Bota Punta J Coco Cola Original (6-11) negro,282.15,209.00
36,906 Bota Punta J Coco Cola Original (6-11) shedron,282.15,209.00
36,906 Bota Punta J Coco Cola Original (6-11) orix,282.15,209.00
36,906 Bota Punta J Coco Cola Original (6-11) mantequilla,282.15,209.00
37,907 Bota Punta J Coco Nuca Original (6-11) negro,282.15,209.00
37,907 Bota Punta J Coco Nuca Original (6-11) shedron,282.15,209.00
37,907 Bota Punta J Coco Nuca Original (6-11) hueso,282.15,209.00
37,907 Bota Punta J Coco Nuca Original (6-11) orix,282.15,209.00
37,907 Bota Punta J Coco Nuca Original (6-11) mantequilla,282.15,209.00
38,909 Bota Punta J Anguila Original (6-11) negro,106.65,79.00
38,909 Bota Punta J Anguila Original (6-11) vino,106.65,79.00
38,922 Bota Punta J Mantarraya P/ Completa Org (6-11) negro,283.50,210.00
38,922 Bota Punta J Mantarraya P/ Completa Org (6-11) vino,283.50,210.00
38,921 Bota Punta J Mantarraya P/ Censilla Org (6-11) negro,209.25,155.00
38,622 Bota Punta X Mantarraya P/ Completa Original (6-11) negro,297.00,220.00
39,603 Bota Punta X Avestruz Original (6-11) baby blue,290.25,215.00
39,603 Bota Punta X Avestruz Original (6-11) hueso,290.25,215.00
39,603 Bota Punta X Avestruz Original (6-11) shedron,290.25,215.00
39,603 Bota Punta X Avestruz Original (6-11) mantequilla,290.25,215.00
39,603 Bota Punta X Avestruz Original (6-11) negro,290.25,215.00
40,606 Bota Punta X Avestruz Original (6-11) baby blue,290.25,215.00
40,606 Bota Punta X Avestruz Original (6-11) hueso,290.25,215.00
40,606 Bota Punta X Avestruz Original (6-11) shedron,290.25,215.00
40,606 Bota Punta X Avestruz Original (6-11) mantequilla,290.25,215.00
40,606 Bota Punta X Avestruz Original (6-11) negro,290.25,215.00
41,503 Bota Europea Avestruz Original (6-11) hueso,268.65,199.00
41,503 Bota Europea Avestruz Original (6-11) orix,268.65,199.00
41,506 Bota Europea Coco Lomo Original (6-11) shedron,268.65,199.00
41,506 Bota Europea Coco Lomo Original (6-11) mantequilla,268.65,199.00
41,506 Bota Europea Coco Lomo Original (6-11) hueso,268.65,199.00
41,506 Bota Europea Coco Lomo Original (6-11) orix,268.65,199.00
42,W09 Cartera Anguila Original negro,27.00,20.00
42,W09 Cartera Anguila Original hueso,27.00,20.00
42,W09 Cartera Anguila Original vino,27.00,20.00
42,W09 Cartera Anguila Original miel,27.00,20.00
42,W22 Cartera Org Mantarraya Perla Completa negro,56.70,42.00
42,W30 Cartera Original Python multi,33.75,25.00
42,W30 Cartera Original Python shedron,33.75,25.00
42,W30 Cartera Original Python natural,33.75,25.00
42,W06 Cartera Original Coco Cola mantequilla,40.50,30.00
42,W06 Cartera Original Coco Cola hueso,40.50,30.00
42,W06 Cartera Original Coco Cola shedron,40.50,30.00
42,W06 Cartera Original Coco Cola orix,40.50,30.00
42,W06 Cartera Original Coco Cola negro,40.50,30.00
42,W03 Catera Original Avestruz shedron,40.50,30.00
42,W03 Catera Original Avestruz negro,40.50,30.00
42,W03 Catera Original Avestruz orix,40.50,30.00
42,W03 Catera Original Avestruz mantequilla,40.50,30.00
42,W03 Catera Original Avestruz hueso,40.50,30.00
43,104 Cinto Coco Original (32-42) pistache,74.25,55.00
43,104 Cinto Coco Original (32-42) hueso,74.25,55.00
43,104 Cinto Coco Original (32-42) mantequilla,74.25,55.00
43,104 Cinto Coco Original (32-42) shedron,74.25,55.00
43,104 Cinto Coco Original (32-42) negro,74.25,55.00
43,104 Cinto Coco Original (32-42) baby blue,74.25,55.00
43,104 Cinto Coco Original (32-42) orix,74.25,55.00
43,103 Cinto Avestruz Original (32-42) pistache,74.25,55.00
43,103 Cinto Avestruz Original (32-42) hueso,74.25,55.00
43,103 Cinto Avestruz Original (32-42) mantequilla,74.25,55.00
43,103 Cinto Avestruz Original (32-42) shedron,74.25,55.00
43,103 Cinto Avestruz Original (32-42) negro,74.25,55.00
43,103 Cinto Avestruz Original (32-42) baby blue,74.25,55.00
43,103 Cinto Avestruz Original (32-42) orix,74.25,55.00
43,009 Cinto Anguila Original (32-42) vino,35.78,26.50
43,009 Cinto Anguila Original (32-42) negro,35.78,26.50
43,022 Cinto Mantarraya P/ Completa Original (32-42) vino,132.30,98.00
43,022 Cinto Mantarraya P/ Completa Original (32-42) negro,132.30,98.00
43,030 Cinto Python Original (32-42) natural,35.10,26.00
43,030 Cinto Python Original (32-42) shedron,35.10,26.00
43,025 Cinto Pata Original (32-42) negro,35.10,26.00
44,V06D Cinto Herraje Coco Original (32-42) pistache,87.75,65.00
44,V06D Cinto Herraje Coco Original (32-42) hueso,87.75,65.00
44,V06D Cinto Herraje Coco Original (32-42) mantequilla,87.75,65.00
44,V06D Cinto Herraje Coco Original (32-42) shedron,87.75,65.00
44,V06D Cinto Herraje Coco Original (32-42) negro,87.75,65.00
44,V06D Cinto Herraje Coco Original (32-42) baby blue,87.75,65.00
44,V06D Cinto Herraje Coco Original (32-42) orix,87.75,65.00
44,V03D Cinto Herraje Avestruz Original (32-42) pistache,87.75,65.00
44,V03D Cinto Herraje Avestruz Original (32-42) hueso,87.75,65.00
44,V03D Cinto Herraje Avestruz Original (32-42) mantequilla,87.75,65.00
44,V03D Cinto Herraje Avestruz Original (32-42) shedron,87.75,65.00
44,V03D Cinto Herraje Avestruz Original (32-42) negro,87.75,65.00
44,V03D Cinto Herraje Avestruz Original (32-42) baby blue,87.75,65.00
44,V03D Cinto Herraje Avestruz Original (32-42) orix,87.75,65.00
44,430 Set de Herrajes Broche Diamante Grande oro,25.65,19.00
44,430 Set de Herrajes Broche Diamante Grande nickel,25.65,19.00
44,430 Set de Herrajes Broche Diamante Grande rojo,25.65,19.00
44,430 Set de Herrajes Broche Diamante Grande plata,25.65,19.00
44,Hevilla D Set Hebilla Diamante c/ Leon oro,16.88,12.50
45,R15 Herraje Cruz Removible plata,33.75,25.00
45,R15 Herraje Cruz Removible oro,33.75,25.00
45,R15 Herraje Cruz Removible oro-rojo,33.75,25.00
45,R15 Herraje Cruz Removible nickel,33.75,25.00
45,M16 Herraje Cruz Removible plata,22.95,17.00
45,M16 Herraje Cruz Removible nickel,22.95,17.00
45,M16 Herraje Cruz Removible oro,22.95,17.00
45,433 Herrajes 4 Piedras oro-rojo,22.95,17.00
45,433 Herrajes 4 Piedras silver,22.95,17.00
46,750 Zapato Exotico Coco/Ave (6-11) negro,133.65,99.00
46,750 Zapato Exotico Coco/Ave (6-11) mantequilla,133.65,99.00
46,750 Zapato Exotico Coco/Ave (6-11) hueso,133.65,99.00
46,750 Zapato Exotico Coco/Ave (6-11) shedron,133.65,99.00
47,780 Tennis Exotico Avestruz (6-11) negro,120.15,89.00
47,780 Tennis Exotico Avestruz (6-11) blanco,120.15,89.00
47,783 Tennis Pata de Avestruz Replica (6-11) negro,66.83,49.50
47,782 Tennis Lizard Replica (6-11) negro,66.83,49.50
48,510 Bota Europea Tejida Mantarraya Replica (6-11) negro,93.15,69.00
48,692 Bota Tribal Amiba (6-11) negro,67.50,50.00
48,693 Bota Tribal Amiba c/ Cincelado (6-11) negro,75.60,56.00
48,693 Bota Tribal Amiba c/ Cincelado (6-11) plata,75.60,56.00
48,Black Metal Bota 6x Coco Mezclilla c/Remache y Picos (6-11) negro,83.70,62.00
48,910 Bota Punta J Mantarraya Replica (6-11) negro,93.15,69.00
48,910 Bota Punta J Mantarraya Replica (6-11) vino,93.15,69.00
48,R1510 Cinto Con Herraje Cruz Diamante (32-42) negro,51.30,38.00
49,901 Bota Punta J Avestruz Imitacion (6-11) shedron,79.65,59.00
49,901 Bota Punta J Avestruz Imitacion (6-11) hueso,79.65,59.00
49,901 Bota Punta J Avestruz Imitacion (6-11) mantequilla,79.65,59.00
49,901 Bota Punta J Avestruz Imitacion (6-11) negro,79.65,59.00
50,904 Bota Punta J Coco Imitacion (6-11) shedron,79.65,59.00
50,904 Bota Punta J Coco Imitacion (6-11) hueso,79.65,59.00
50,904 Bota Punta J Coco Imitacion (6-11) mantequilla,79.65,59.00
50,904 Bota Punta J Coco Imitacion (6-11) negro,79.65,59.00
50,904 Bota Punta J Coco Imitacion (6-11) orix,79.65,59.00
51,601 Bota Punta X Avestruz Imitacion (6-11) negro,86.40,64.00
51,601 Bota Punta X Avestruz Imitacion (6-11) shedron,86.40,64.00
51,601 Bota Punta X Avestruz Imitacion (6-11) baby blue,86.40,64.00
51,601 Bota Punta X Avestruz Imitacion (6-11) mantequilla,86.40,64.00
51,601 Bota Punta X Avestruz Imitacion (6-11) hueso,86.40,64.00
51,601 Bota Punta X Avestruz Imitacion (6-11) pistache,86.40,64.00
52,604 Bota Punta X Coco Cola Imitacion (6-11) negro,86.40,64.00
52,604 Bota Punta X Coco Cola Imitacion (6-11) shedron,86.40,64.00
52,604 Bota Punta X Coco Cola Imitacion (6-11) baby blue,86.40,64.00
52,604 Bota Punta X Coco Cola Imitacion (6-11) mantequilla,86.40,64.00
52,604 Bota Punta X Coco Cola Imitacion (6-11) hueso,86.40,64.00
52,604 Bota Punta X Coco Cola Imitacion (6-11) pistache,86.40,64.00
53,920 Bota Punta J Piteada Coco Imitacion (6-11) negro,89.10,66.00
53,920 Bota Punta J Piteada Coco Imitacion (6-11) hueso,89.10,66.00
53,920 Bota Punta J Piteada Coco Imitacion (6-11) mantequilla,89.10,66.00
53,920 Bota Punta J Piteada Coco Imitacion (6-11) shedron,89.10,66.00
54,100G Botin Graso (6-11) negro,62.78,46.50
54,100C Botin Camaleon (6-11) vino,62.78,46.50
54,100C Botin Camaleon (6-11) negro,62.78,46.50
54,722 Botin Cierre Vestir (6-11) negro,64.13,47.50
54,722 Botin Cierre Vestir (6-11) vino,64.13,47.50
55,650 Bota Catolica Crazy Horse (6-11) tang,83.70,62.00
55,900G Bota Punta J Graso (6-11) negro,83.70,62.00
55,900C Bota Punta J Camaleon (6-11) negro,83.70,62.00
55,900C Bota Punta J Camaleon (6-11) vino,83.70,62.00
55,SB1000 Bota Rooper de Cierre Venado (3-12) negro,86.40,64.00
56,200 Botin Charro Piel (6-11) miel,56.70,42.00
56,200 Botin Charro Piel (6-11) hueso,56.70,42.00
56,200 Botin Charro Piel (6-11) negro,56.70,42.00
56,201 Botin Charro Nobuck (6-11) hueso,59.40,44.00
56,201 Botin Charro Nobuck (6-11) canela,59.40,44.00
56,112 Botin Charro para Baile Folklorico (6-11) negro,56.70,42.00
57,751 Zapato Ave/Coco Immitacion (6-11) mantequilla,62.10,46.00
57,751 Zapato Ave/Coco Immitacion (6-11) hueso,62.10,46.00
57,751 Zapato Ave/Coco Immitacion (6-11) negro,62.10,46.00
57,751 Zapato Ave/Coco Immitacion (6-11) shedron,62.10,46.00
58,004 Cintos Coco Imitacion (32-42) baby blue,20.25,15.00
58,004 Cintos Coco Imitacion (32-42) orix,20.25,15.00
58,004 Cintos Coco Imitacion (32-42) mantequilla,20.25,15.00
58,004 Cintos Coco Imitacion (32-42) negro,20.25,15.00
58,004 Cintos Coco Imitacion (32-42) hueso,20.25,15.00
58,004 Cintos Coco Imitacion (32-42) shedron,20.25,15.00
58,004 Cintos Coco Imitacion (32-42) pistache,20.25,15.00
58,010 Cinto Mantarraya Immit (32-42) negro,22.95,17.00
58,010 Cinto Mantarraya Immit (32-42) vino,22.95,17.00
58,001 Cintos Ave Imit (32-42) baby blue,20.25,15.00
58,001 Cintos Ave Imit (32-42) orix,20.25,15.00
58,001 Cintos Ave Imit (32-42) mantequilla,20.25,15.00
58,001 Cintos Ave Imit (32-42) negro,20.25,15.00
58,001 Cintos Ave Imit (32-42) hueso,20.25,15.00
58,001 Cintos Ave Imit (32-42) shedron,20.25,15.00
58,001 Cintos Ave Imit (32-42) pistache,20.25,15.00
58,V04D Cinto Herraje Coco Immit (32-42) baby blue,36.45,27.00
58,V04D Cinto Herraje Coco Immit (32-42) mantequilla,36.45,27.00
58,V04D Cinto Herraje Coco Immit (32-42) negro,36.45,27.00
58,V04D Cinto Herraje Coco Immit (32-42) hueso,36.45,27.00
58,V04D Cinto Herraje Coco Immit (32-42) shedron,36.45,27.00
58,V04D Cinto Herraje Coco Immit (32-42) pistache,36.45,27.00
58,V01D Cinto Herraje Ave Immit (32-42) baby blue,36.45,27.00
58,V01D Cinto Herraje Ave Immit (32-42) mantequilla,36.45,27.00
58,V01D Cinto Herraje Ave Immit (32-42) negro,36.45,27.00
58,V01D Cinto Herraje Ave Immit (32-42) hueso,36.45,27.00
58,V01D Cinto Herraje Ave Immit (32-42) shedron,36.45,27.00
58,V01D Cinto Herraje Ave Immit (32-42) pistache,36.45,27.00
59,W01 Cartera Ave Immit negro,16.88,12.50
59,W01 Cartera Ave Immit hueso,16.88,12.50
59,W01 Cartera Ave Immit baby blue,16.88,12.50
59,W01 Cartera Ave Immit pistaches,16.88,12.50
59,W01 Cartera Ave Immit shedron,16.88,12.50
59,W01 Cartera Ave Immit orix,16.88,12.50
59,W01 Cartera Ave Immit mantequilla,16.88,12.50
59,W04 Cartera Coco Cola Immit negro,16.88,12.50
59,W04 Cartera Coco Cola Immit hueso,16.88,12.50
59,W04 Cartera Coco Cola Immit baby blue,16.88,12.50
59,W04 Cartera Coco Cola Immit pistaches ,16.88,12.50
59,W04 Cartera Coco Cola Immit shedron,16.88,12.50
59,W04 Cartera Coco Cola Immit orix,16.88,12.50
59,W04 Cartera Coco Cola Immit mantequilla,16.88,12.50
59,W10 Cartera P.Completa/Sencilla Immit negro,17.55,13.00
59,W10 Cartera P.Completa/Sencilla Immit vino,17.55,13.00
59,W13 Cartera immit Lizard negro,12.15,9.00
59,W13 Cartera immit Lizard vino,12.15,9.00
59,W13 Cartera immit Lizard miel,12.15,9.00
59,W05 Cartera Coco Lomo Immit negro,16.88,12.50
59,W05 Cartera Coco Lomo Immit hueso,16.88,12.50
59,W05 Cartera Coco Lomo Immit baby blue,16.88,12.50
59,W05 Cartera Coco Lomo Immit pistaches,16.88,12.50
59,W05 Cartera Coco Lomo Immit shedron,16.88,12.50
59,W05 Cartera Coco Lomo Immit orix,16.88,12.50
59,W05 Cartera Coco Lomo Immit mantequilla,16.88,12.50
60,044 Cinto vaquero para bota rodeo (18-28) negro,20.25,15.00
60,044 Cinto vaquero para bota rodeo (18-28) café,20.25,15.00
60,44 Botita Rodeo Niño (8-1.5) miel,46.58,34.50
60,44 Botita Rodeo Niño (8-1.5) negro,46.58,34.50
60,44 Botita Rodeo Niño (8-1.5) rosa,46.58,34.50
60,45 Bota de Rodeo antifaz (8-1.5) negro,43.20,32.00
61,61 Botita Venado Kids (8-1.5) negro,39.83,29.50
61,61 Botita Venado Kids (8-1.5) blanco,39.83,29.50
61,69 Botita Shakira Niño (8-1.5) negro,43.88,32.50
61,69 Botita Shakira Niño (8-1.5) oro,43.88,32.50
61,11 Cinto Venado Niño (18-28) negro,12.15,9.00
61,11 Cinto Venado Niño (18-28) blanco,12.15,9.00
61,09 Cinto Shakira Niño (18-28) negro,16.88,12.50
61,09 Cinto Shakira Niño (18-28) oro,16.88,12.50
62,61 Bota Niño Ave Immit (8-1.5) shedron,42.53,31.50
62,61 Bota Niño Ave Immit (8-1.5) mantequilla,42.53,31.50
62,61 Bota Niño Ave Immit (8-1.5) hueso,42.53,31.50
62,04 Cinto Niño Coco Immit (18-28) shedron,12.83,9.50
62,04 Cinto Niño Coco Immit (18-28) mantequilla,12.83,9.50
62,04 Cinto Niño Coco Immit (18-28) hueso,12.83,9.50
62,01 Cinto Niño Ave Immit (18-28) shedron,12.83,9.50
62,01 Cinto Niño Ave Immit (18-28) mantequilla,12.83,9.50
62,01 Cinto Niño Ave Immit (18-28) hueso,12.83,9.50
62,64 Bota Niño Coco Immit (8-1.5) shedron,42.53,31.50
62,64 Bota Niño Coco Immit (8-1.5) mantequilla,42.53,31.50
62,64 Bota Niño Coco Immit (8-1.5) hueso,42.53,31.50
63,30 Bota Bebe Python Orig (1-6) shedron,27.00,20.00
63,30 Bota Bebe Python Orig (1-6) natural,27.00,20.00
63,30 Bota Bebe Python Orig (1-6) multicolor,27.00,20.00
63,53 Bota Bebe Ave Orig (1-6) mantequilla,27.00,20.00
63,53 Bota Bebe Ave Orig (1-6) hueso,27.00,20.00
63,53 Bota Bebe Ave Orig (1-6) orix,27.00,20.00
63,80 Botita Mesclilla (8-1.5) blanco,43.88,32.50
63,80 Botita Mesclilla (8-1.5) rojo,43.88,32.50
63,V08 Cinto Mezclilla c/ Herraje Niño (18-28) red,33.08,24.50
63,V08 Cinto Mezclilla c/ Herraje Niño (18-28) white,33.08,24.50
64,68 Botita Rosario Niño (8-1.5) negro,43.88,32.50
64,68 Botita Rosario Niño (8-1.5) blanco,43.88,32.50
64,12 Cinto Amiba Niño (18-28) negro,14.18,10.50
64,63 Botita Tribal Niño Amiba (8-1.5) negro,48.60,36.00
64,11 Cinto Venado Niño (18-28) negro,12.15,9.00
64,11 Cinto Venado Niño (18-28) blanco,12.15,9.00
64,62 Botita Mantarraya Niño (8-1.5) negro,45.90,34.00
64,62 Botita Mantarraya Niño (8-1.5) vino,45.90,34.00
65,SB800 Silver Bull suela Raga (3-12) negro,59.40,44.00
65,SB800 Silver Bull suela Raga (3-12) vino,59.40,44.00
65,SB800 Silver Bull suela Raga (3-12) miel,59.40,44.00
65,SB800 Silver Bull suela Raga (3-12) cogñac,59.40,44.00
65,SB800 Silver Bull suela Raga (3-12) laton,59.40,44.00
66,SB700 Silver Bull Suela Mil rayas (3-12) negro,59.40,44.00
66,SB700 Silver Bull Suela Mil rayas (3-12) vino,59.40,44.00
66,SB700 Silver Bull Suela Mil rayas (3-12) miel,59.40,44.00
66,SB700 Silver Bull Suela Mil rayas (3-12) cogñac,59.40,44.00
66,SB700 Silver Bull Suela Mil rayas (3-12) laton,59.40,44.00
67,SB2030 Silver Bull Suela Doble Densidad (3-12) shedron,62.10,46.00
67,SB2030 Silver Bull Suela Doble Densidad (3-12) caoba,62.10,46.00
67,SB2032 Silver Bull Suela Doble Densidad (3-12) caoba,62.10,46.00
67,SB2020 Silver Bull Suela Doble Densidad (3-12) miel,62.10,46.00
67,SB2020 Silver Bull Suela Doble Densidad (3-12) laton,62.10,46.00
67,SB2020 Silver Bull Suela Doble Densidad (3-12) shedron,62.10,46.00
68,SB861 Silver Bull antiderrapante caso de acero (3-12) negro,62.10,46.00
68,702 Bota Trabajo (6-11) laton,56.70,42.00
68,702 Bota Trabajo (6-11) rojo,56.70,42.00
68,"704 Bota Trabajo Tuvo 8"" Rayas (6-11) laton",56.70,42.00
68,SOLE puncture resistant,27.00,20.00
68,0341 Botin de Trabajo Anti-Clavo (6-11) negro,59.40,44.00
68,0341 Botin de Trabajo Anti-Clavo (6-11) café,59.40,44.00
69,700 Hammer Raga Boots (6-11) miel,40.50,30.00
69,700 Hammer Raga Boots (6-11) vino,40.50,30.00
69,700 Hammer Raga Boots (6-11) negro,40.50,30.00
69,700 Hammer Raga Boots (6-11) café,40.50,30.00
69,SB850 Safety Work Boots (6-11) caoba,62.10,46.00
69,SB850 Safety Work Boots (6-11) vino,62.10,46.00
69,SB850 Safety Work Boots (6-11) miel,62.10,46.00
70,PMA136 A Botin De Trabajo Napa (6-11) gold/suela negra,42.53,31.50
70,PMA957 Botin De Trabajo c/ Cintas (6-11) crazy natural,42.53,31.50
70,PMA136 Botin De Trabajo Napa (6-11) miel,42.53,31.50
70,PMA036DD Botin De Trabajo c/ Cintas (6-11) miel,44.55,33.00
70,PMA1000 Botin De Trabajo Napa (6-11) miel,44.55,33.00
71,345 Hammer Boots (6-11) vino,40.50,30.00
71,345 Hammer Boots (6-11) miel,40.50,30.00
71,345 Hammer Boots (6-11) negro,40.50,30.00
71,PMA036S Hammer c/ Casquillo (6-11) negro,43.88,32.50
71,PMA036 Bota Trabajo (6-11) negro,41.85,31.00
71,PMA036 Bota Trabajo (6-11) café,41.85,31.00
72,330 Hammer Boots Cierre (3-12) negro,41.85,31.00
72,330 Hammer Boots Cierre (3-12) café,41.85,31.00
72,330 Hammer Boots Cierre (3-12) miel,41.85,31.00
72,348 Zapato Hammer Cintas y Zipper (3-12) café,41.85,31.00
72,038 Zapato Cintas (6-11) negro,43.20,32.00
73,"RD10000 Sombrero 10,000X (6 3/4 -7 1/2) natural",120.15,89.00
73,"RD5000 Sombrero 5,000X (6 3/4 -7 1/2) natural",72.90,54.00
73,RD500 Sombrero 500X (6 3/4 -7 1/2) natural,47.25,35.00
73,RD500D Sombrero Duranguenze 500X (6 3/4 -7 1/2) natural,43.88,32.50
74,RD020 Sombrero 20X (6 3/4 -7 1/2) natural,20.25,15.00
74,RD100 Sombrero 100X (6 3/4 -7 1/2) natural,35.10,26.00
74,RD Lona Adulto 20X (6 3/4 -7 1/2) natural,13.50,10.00
74,Lonita Niño natural,12.83,9.50
74,T020K Tejanita Niño negro,27.00,20.00
75,T020 Tejana Adulto 20X (6 3/4 -7 1/2) negro,31.05,23.00
75,T030 Tejana Adulto 30X (6 3/4 -7 1/2) negro,64.80,48.00
75,T030 Tejana Adulto 30X (6 3/4 -7 1/2) hueso,64.80,48.00
75,Toquilla Metal Diamantes nickel,17.55,13.00
75,Toquilla Metal Diamantes oro,17.55,13.00
75,Toquilla Metal Diamantes plata,17.55,13.00
76,ZU3169 Calzado de Descanzo Fino (5-10) negro,24.30,18.00
76,ZU3169 Calzado de Descanzo Fino (5-10) café,24.30,18.00
76,ZU8811 Calzado de Descanzo Fino (5-10) negro,24.30,18.00
76,FA209 Calzado de Descanzo Fino (5-10) negro,25.65,19.00
76,FA209 Calzado de Descanzo Fino (5-10) shedron,25.65,19.00
76,FA217 Calzado de Descanzo Fino (5-10) negro,25.65,19.00
76,RA270 Calzado de Descanzo Fino (5-10) negro,24.30,18.00
76,RA237 Calzado de Descanzo Fino (5-10) negro,24.30,18.00
77,FA690 Calzado de Descanzo Fino (5-10) negro,24.30,18.00
77,FA665 Calzado de Descanzo Fino (5-10) negro,24.30,18.00
77,FA 629 Calzado de Descanzo Fino (5-10) negro,24.98,18.50
77,FA1116 Calzado de Descanzo Fino (5-10) cobre,25.65,19.00
77,FA1138 Calzado de Descanzo Fino (5-10) negro,25.65,19.00
77,FA1121 Calzado de Descanzo Fino (5-10) hueso,25.65,19.00
77,FA1150 Calzado de Descanzo Fino (5-10) negro,25.65,19.00
78,1111 Bota Dama Vaquera Venado (6-10) negro,79.65,59.00
78,1111 Bota Dama Vaquera Venado (6-10) blanco,79.65,59.00
78,1911 Bota Vaquera Venado Dama (6-10) negro,56.70,42.00
78,1911 Bota Vaquera Venado Dama (6-10) blanco,56.70,42.00
78,011 Cinto Venado Vaquero (6-10) blanco,20.93,15.50
78,011 Cinto Venado Vaquero (6-10) negro,20.93,15.50
79,1001 Botin Avestruz Dama Original (6-10) baby blue,133.65,99.00
79,1001 Botin Avestruz Dama Original (6-10) shedron,133.65,99.00
79,1001 Botin Avestruz Dama Original (6-10) orix,133.65,99.00
79,C30 Cartera Chequera Python Original multi,47.25,35.00
79,C30 Cartera Chequera Python Original shedron,47.25,35.00
79,C30 Cartera Chequera Python Original natural,47.25,35.00
79,1330 Botin Original Python (6-10) natural,140.40,104.00
79,1030 Botin Original Python (6-10) multi,106.65,79.00
79,1030 Botin Original Python (6-10) natural,106.65,79.00
79,1030 Botin Original Python (6-10) shedron,106.65,79.00
80,2009 Bota Anguila Dama (6-10) blanco,111.38,82.50
80,2009 Bota Anguila Dama (6-10) rojo,111.38,82.50
80,2030 Bota Python Original (6-10) natural,133.65,99.00
80,2030 Bota Python Original (6-10) negro,133.65,99.00
80,V009 Cinto Anguila Original c/herreje (6-10) negro,45.90,34.00
80,V009 Cinto Anguila Original c/herreje (6-10) hueso,45.90,34.00
80,V009 Cinto Anguila Original c/herreje (6-10) rojo,45.90,34.00
81,1013 Botin Ave Tejida Original (6-10) rojo,133.65,99.00
81,1013 Botin Ave Tejida Original (6-10) blanco,133.65,99.00
81,1013 Botin Ave Tejida Original (6-10) negro,133.65,99.00
81,2013 Bota Avestruz Original (6-10) blanco,145.80,108.00
81,2013 Bota Avestruz Original (6-10) rojo,145.80,108.00
81,2013 Bota Avestruz Original (6-10) negro,145.80,108.00
82,2010 Bota Mantarraya Immit (6-10) negro,93.15,69.00
82,2010 Bota Mantarraya Immit (6-10) vino,93.15,69.00
82,CAMPERA Bota Campera Piel Dama (6-10) miel,79.65,59.00
82,CAMPERA Bota Campera Piel Dama (6-10) negro,79.65,59.00
83,1009 Botin Anguila Dama (6-10) vino,102.60,76.00
83,1009 Botin Anguila Dama (6-10) hueso,102.60,76.00
83,1009 Botin Anguila Dama (6-10) negro,102.60,76.00
83,1019 Bota Anguila Dama (6-10) blanco,102.60,76.00
83,1019 Bota Anguila Dama (6-10) negro,102.60,76.00
83,H-349 Bolsa Small negro,147.15,109.00
83,H-168 Bolsa Med rojo,133.65,99.00
83,H-355 Bolsa Lrg negro,168.75,125.00
84,1199 Bota Vaquera Corazon Con Alas (6-10) negro,83.70,62.00
84,1199 Bota Vaquera Corazon Con Alas (6-10) rojo,83.70,62.00
84,1199 Bota Vaquera Corazon Con Alas (6-10) blanco,83.70,62.00
84,1160 Bota Dama Vaquera Cincelada (6-10) negro,140.40,104.00
84,1160 Bota Dama Vaquera Cincelada (6-10) natural,140.40,104.00
85,1413 Bota Rodeo de Mujer Con Mariposas (6-10) brown café,86.40,64.00
85,1402 Bota Rodeo Mujer (6-10) negro,93.15,69.00
85,1402 Bota Rodeo Mujer (6-10) miel,93.15,69.00
85,1414 Bota Dama (6-10) café,105.30,78.00
85,VANESSA Bota Dama (6-10) café,106.65,79.00
86,SG500 Sergal Ladys Rodeo Lacer 100% Leather (6-10) miel,83.70,62.00
86,SG500 Sergal Ladys Rodeo Lacer 100% Leather (6-10) negro,83.70,62.00
86,1124N Bota Glazeada Matarraya (6-10) negro,160.65,119.00
86,1124P Bota Glazeada Matarraya (6-10) rosa,160.65,119.00
