PAGINA,DESCRIPCION,CATALOGO,
4,2044 Camisa Ferreti Manga Larga ,22.28,16.50
5,2044 Camisa Ferreti Manga Larga ,22.28,16.50
6,2044 Camisa Ferreti  Manga 3/4 ,22.28,16.50
7,2044 Camisa Ferreti Manga 3/4 ,22.28,16.50
8,2047 Camisa Ferreti Manga Larga ,22.28,16.50
9,2047 Camisa Ferreti Manga Larga ,22.28,16.50
10,2047 Camisa Ferreti Manga 3/4 ,22.28,16.50
11,2047 Camisa Ferreti Manga 3/4 ,22.28,16.50
12,4307 Camisa Ferreti Manga Larga,24.98,18.50
13,4307 Camisa Ferreti Manga Larga,24.98,18.50
14,2051 Camisa Ferreti Manga Larga ,23.63,17.50
15,2051 Camisa Ferreti Manga Larga ,23.63,17.50
16,2051 Camisa Ferreti Manga 3/4 ,23.63,17.50
17,2051 Camisa Ferreti Manga 3/4 ,23.63,17.50
18,2048 Camisa Ferreti Manga Larga ,22.28,16.50
19,2048 Camisa Ferreti Manga Larga ,22.28,16.50
20,2048 Camisa Ferreti Manga Manga 3/4 ,22.28,16.50
21,2048 Camisa Ferreti Manga Manga 3/4 ,22.28,16.50
22,4306 Camisa Ferreti Manga Larga,24.98,18.50
23,4306 Camisa Ferreti Manga Larga,24.98,18.50
24,2050 Camisa Ferreti Manga Larga ,22.28,16.50
25,2050 Camisa Ferreti Manga Larga ,22.28,16.50
26,2050 Camisa Ferreti Manga 3/4 ,22.28,16.50
27,2050 Camisa Ferreti Manga 3/4 ,22.28,16.50
28,2049 Camisa Ferreti Manga Larga ,22.28,16.50
29,2049 Camisa Ferreti Manga Larga ,22.28,16.50
30,2049 Camisa Ferreti Manga 3/4 ,22.28,16.50
31,2049 Camisa Ferreti Manga 3/4 ,22.28,16.50
32,2043 Camisa Ferreti Manga Larga ,22.28,16.50
33,2043 Camisa Ferreti Manga Larga ,22.28,16.50
34,2043 Camisa Ferreti  Manga 3/4 ,22.28,16.50
35,2043 Camisa Ferreti Manga 3/4 ,22.28,16.50
36,4305 Camisa Ferreti Manga Larga ,24.98,18.50
37,4305 Camisa Ferreti Manga Larga ,24.98,18.50
38,2046 Camisa Ferreti Manga Larga ,23.63,17.50
39,2046 Camisa Ferreti Manga Larga ,23.63,17.50
40,2046 Camisa Ferreti Manga 3/4 ,23.63,17.50
41,2046 Camisa Ferreti Manga 3/4 ,23.63,17.50
42,2045 Camisa Ferreti Manga Larga ,23.63,17.50
43,2045 Camisa Ferreti Manga Larga ,23.63,17.50
44,2045 Camisa Ferreti Manga 3/4 ,23.63,17.50
45,2045 Camisa Ferreti  Manga 3/4 ,23.63,17.50
46,TURQUIA02 Camisa Ferreti Turquia Manga Larga,24.98,18.50
47,TURQUIA02 Camisa Ferreti Turquia Manga Larga,24.98,18.50
48,TURQUIA03 Camisa Ferreti Turquia Manga Larga,30.38,22.50
49,TURQUIA03 Camisa Ferreti Turquia Manga Larga,30.38,22.50
50,TURQUIA01 Camisa Ferreti Turquia Manga Larga,24.98,18.50
51,4303 Camisa Ferreti Manga Larga ,24.98,18.50
52,2035 Camisa Ferreti Manga Larga ,19.58,14.50
53,2035 Camisa Ferreti Manga 3/4 ,19.58,14.50
54,2535 Camisa Ferreti Manga Larga,19.58,14.50
55,2535 Camisa Ferreti Manga 3/4 ,19.58,14.50
56,4302 Camisa Ferreti Manga Larga ,19.58,14.50
57,4302 Camisa Ferreti Manga Larga ,19.58,14.50
58,2034 Camisa Ferreti Manga Larga ,19.58,14.50
59,2034 Camisa Ferreti Manga 3/4 ,19.58,14.50
60,2040 Camisa Ferreti Manga 3/4 ,19.58,14.50
61,2040 Camisa Ferreti Manga Larga ,19.58,14.50
62,2042 Camisa Ferreti Manga Larga ,18.23,13.50
63,2042 Camisa Ferreti Manga 3/4 ,18.23,13.50
64,2039 Camisa Ferreti Manga 3/4 ,18.23,13.50
65,2039 Camisa Ferreti Manga Larga ,18.23,13.50
66,4300 Camisa Ferreti Manga Larga ,19.58,14.50
67,4300 Camisa Ferreti Manga Larga ,19.58,14.50
68,2041 Camisa Ferreti Manga 3/4 (Precio en Especial),19.38,12.50
69,2041 Camisa Ferreti Manga Larga (Precio en Especial),19.38,12.50
70,2533 Camisa Ferreti Manga 3/4  (Precio en Especial),19.38,12.50
71,2533 Camisa Ferreti Manga Larga (Precio en Especial),19.38,12.50
72,2021 Camisa Ferreti Manga 3/4  (Precio en Especial),17.83,11.50
73,2021 Camisa Ferreti Manga Larga (Precio en Especial),17.83,11.50
74,2023 Camisa Ferreti Manga 3/4  (Precio en Especial),17.83,11.50
75,2023 Camisa Ferreti Manga Larga (Precio en Especial),17.83,11.50
76,2037 Camisa Ferreti Manga 3/4  (Precio en Especial),16.28,10.50
77,2037 Camisa Ferreti Manga Larga (Precio en Especial),16.28,10.50
78,2534 Camisa Ferreti Manga 3/4  (Precio en Especial),14.73,9.50
79,2534 Camisa Ferreti Manga Larga (Precio en Especial),14.73,9.50
80,4205 Camisa Ferreti Manga Larga (Precio en Especial),14.73,9.50
81,4205 Camisa Ferreti Manga Larga (Precio en Especial),14.73,9.50
82,2030 Camisa Ferreti Manga Larga (Precio en Especial),14.73,9.50
83,2030 Camisa Ferreti Manga 3/4  (Precio en Especial),14.73,9.50
84,2027 Camisa Ferreti Manga Larga (Precio en Especial),14.73,9.50
85,2027 Camisa Ferreti Manga 3/4  (Precio en Especial),14.73,9.50
85,2027 Camisa Ferreti Manga Larga (Precio en Especial),14.73,9.50
86,2033 Camisa Ferreti Manga Larga  (Precio en Especial),14.73,9.50
87,2033 Camisa Ferreti Manga Larga  (Precio en Especial),14.73,9.50
88,4201 Camisa Ferreti Manga Larga  (Precio en Especial),14.73,9.50
89,4201 Camisa Ferreti Manga Larga  (Precio en Especial),14.73,9.50
90,2019 Camisa Ferreti Manga 3/4  (Precio en Especial),13.13,7.50
91,2019 Camisa Ferreti Manga Larga (Precio en Especial),13.13,7.50
92,2015 Camisa Ferreti Manga 3/4  (Precio en Especial),13.13,7.50
93,2015 Camisa Ferreti Manga Larga (Precio en Especial),13.13,7.50
94,2024 Camisa Ferreti Manga Larga  (Precio en Especial),14.73,9.50
94,2025 Camisa Ferreti Manga Larga  (Precio en Especial),14.73,9.50
94,2014 Camisa Ferreti Manga Larga  (Precio en Especial),13.18,8.50
94,2020 Camisa Ferreti Manga Larga  (Precio en Especial),17.83,11.50
95,2002 Camisa Ferreti Manga Larga (Precio en Especial),13.18,8.50
95,2002 Camisa Ferreti Manga 3/4  (Precio en Especial),13.18,8.50
95,2508 Camisa Ferreti Manga Larga  (Precio en Especial),11.38,6.50
96,2031 Camisa Ferreti Manga Larga (Precio en Especial),13.13,7.50
97,2031 Camisa Ferreti Manga 3/4  (Precio en Especial),13.13,7.50
97,2031 Camisa Ferreti Manga Larga (Precio en Especial),13.13,7.50
98,2017 Camisa Ferreti Manga Larga (Precio en Especial),13.18,8.50
99,2017 Camisa Ferreti Manga Corta  (Precio en Especial),13.18,8.50
99,2017 Camisa Ferreti Manga Larga (Precio en Especial),13.18,8.50
100,2028 Camisa Ferreti Manga 3/4  (Precio en Especial),12.99,5.00
101,2028 Camisa Ferreti Manga Larga (Precio en Especial),12.99,5.00
102,2008 Camisa Ferreti Manga Larga (Precio en Especial),12.99,6.50
103,2008 Camisa Ferreti Manga 3/4  (Precio en Especial),12.99,6.50
103,2008 Camisa Ferreti Manga Larga (Precio en Especial),12.99,6.50
104,2022 Camisa Ferreti Manga Larga  (Precio en Especial),12.99,7.50
105,2503 Camisa Ferreti Manga Larga  (Precio en Especial),12.99,6.50
105,2004 Camisa Ferreti Manga Larga  (Precio en Especial),12.99,4.50
106,2518 Camisa Ferreti Manga 3/4 (Precio en Especial),12.99,5.00
107,2518 Camisa Ferreti Manga Larga (Precio en Especial),12.99,5.00
108,2520 Camisa Ferreti Manga Larga (Precio en Especial),12.99,4.50
109,2520 Camisa Ferreti Manga 3/4  (Precio en Especial),12.99,4.50
110,2519 Camisa Ferreti  Manga Corta  (Precio en Especial),12.99,4.50
111,2519 Camisa Ferreti Manga Larga (Precio en Especial),12.99,4.50
112,2516 Camisa Ferreti Manga Larga (Precio en Especial),12.99,4.50
112,2516 Camisa Ferreti Manga 3/4  (Precio en Especial),12.99,4.50
113,2515 Camisa Ferreti Manga Larga (Precio en Especial),12.99,4.50
113,2515 Camisa Ferreti Manga 3/4  (Precio en Especial),12.99,4.50
114,2517 Camisa Ferreti Manga Larga (Precio en Especial),12.99,4.50
115,2517 Camisa Ferreti Manga 3/4 (Precio en Especial),12.99,4.50
116,2009 Camisa Ferreti Manga Larga (Precio en Especial),12.99,4.50
116,2009 Camisa Ferreti Manga 3/4 (Precio en Especial),12.99,4.50
116,2511 Camisa Ferreti Manga Larga (Precio en Especial),12.99,4.50
116,2511 Camisa Ferreti Manga 3/4 (Precio en Especial),12.99,4.50
117,2011 Camisa Ferreti Manga Larga (Precio en Especial),13.18,8.50
117,2011 Camisa Ferreti Manga 3/4 (Precio en Especial),13.18,8.50
117,2036 Camisa Ferreti Manga Larga ,19.38,12.50
117,2001 Camisa Ferreti Manga Larga  (Precio en Especial),12.99,4.50
117,2531 Camisa Ferreti Manga Larga,16.88,12.50
117,2531 Camisa Ferreti Manga 3/4 ,16.88,12.50
118,2055 Camisa de Niño Manga 3/4 ,19.58,14.50
119,2055 Camisa de Niño Manga Larga,19.58,14.50
120,2054 Camisa de Niño Manga 3/4 ,19.58,14.50
121,2054 Camisa de Niño Manga Larga ,19.58,14.50
122,2056 Camisa de Niño Manga 3/4 ,19.58,14.50
123,2056 Camisa de Niño Manga Larga ,19.58,14.50
124,2536 Camisa de Niño Manga 3/4 (Precio en Especial),17.85,10.50
125,2536 Camisa de Niño Manga Larga (Precio en Especial),17.85,10.50
126,2537 Camisa de Niño Manga Larga,19.58,14.50
126,2537 Camisa de Niño Manga 3/4 ,19.58,14.50
127,2538 Camisa de Niño Manga Larga ,19.58,14.50
127,2538 Camisa de Niño Manga 3/4 ,19.58,14.50
128,4750 Pantalon Moda Ferreti ,26.33,19.50
129,4750 Pantalon Moda Ferreti ,26.33,19.50
130,4747 Pantalon Stretch Ferreti ,31.73,23.50
131,4747 Pantalon Stretch Ferreti ,31.73,23.50
132,4747 Pantalon Stretch Ferreti ,31.73,23.50
133,4746 Pantalon Stretch Ferreti ,31.73,23.50
134,4746 Pantalon Stretch Ferreti ,31.73,23.50
135,4746 Pantalon Stretch Ferreti ,31.73,23.50
136,4748 Pantalon Moda Ferreti ,26.33,19.50
137,4748 Pantalon Moda Ferreti ,26.33,19.50
138,4752 Pantalon Stretch Ferreti ,24.98,18.50
139,4752 Pantalon Stretch Ferreti ,24.98,18.50
140,4752 Pantalon Stretch Ferreti ,24.98,18.50
141,4752 Pantalon Stretch Ferreti ,24.98,18.50
142,4751 Pantalon de Mezclilla Stretch Ferreti,23.63,17.50
143,4751 Pantalon de Mezclilla Stretch Ferreti,23.63,17.50
144,4751 Pantalon de Mezclilla Stretch Ferreti,23.63,17.50
145,4749 Pantalon de Mezclilla Stretch Ferreti,23.63,17.50
146,4749 Pantalon de Mezclilla Stretch Ferreti,23.63,17.50
147,4749 Pantalon de Mezclilla Stretch Ferreti,23.63,17.50
148,4753 Pantalon de Niño Mezclilla Stretch Ferreti ,19.58,14.50
149,4753 Pantalon de Niño Mezclilla Stretch Ferreti ,19.58,14.50
150,4736 Pantalon de Mezclilla Special Edition Ferreti,24.98,18.50
151,4736 Pantalon de Mezclilla Special Edition Ferreti,24.98,18.50
152,4736 Pantalon de Mezclilla Special Edition Ferreti,24.98,18.50
153,4732 Pantalon Stretch Ferreti ,26.33,19.50
154,4737 Pantalon Stretch Ferreti  (Precio en Especial),24.65,14.50
155,4724 Pantalon Stretch Ferreti ,26.33,19.50
155,4738 Pantalon Stretch Ferreti (Precio en Especial),23.20,14.50
156,4726 Pantalon Moda Ferreti  (Precio en Especial),20.00,12.50
157,4727 Pantalon Moda Ferreti  (Precio en Especial),18.40,11.50
158,4720 Pantalon Mezclilla Ferreti (Precio en Especial),16.80,10.50
158,4718 Pantalon Mezclilla Ferreti (Precio en Especial),16.80,10.50
159,4722 Pantalon Mezclilla Ferreti (Precio en Especial),15.20,9.50
159,4701 Pantalon Mezclilla Ferreti (Precio en Especial),16.80,10.50
160,4714 Pantalon Mezclilla Ferreti (Precio en Especial),16.80,10.50
161,Texana Larry Mahans Original Calidad 6X Negra ,214.65,159.00
161,Texana Larry Mahans Original Calidad 6X Blanca,228.15,169.00
162,3003 Saco Ferreti,30.38,22.50
163,3003 Saco Ferreti,30.38,22.50
164,3002 Saco Ferreti (Precio en Especial),20.00,12.50
165,3002 Saco Ferreti (Precio en Especial),20.00,12.50
166,3000 Saco Ferreti,30.38,22.50
167,3000 Saco Ferreti,30.38,22.50
167,3001 Saco Ferreti,30.38,22.50
168,2804 Saco Ferreti (Precio en Especial),31.20,19.50
169,2804 Saco Ferreti (Precio en Especial),31.20,19.50
169,2805 Saco Ferreti (Precio en Especial),31.20,19.50
170,2803 Saco Ferreti (Precio en Especial),31.20,19.50
170,2801 Saco Ferreti (Precio en Especial),31.20,19.50
171,2808 Chaleco Ferreti,26.33,19.50
172,2809 Chaleco Ferreti,24.98,18.50
173,2806 Chamarra Ferreti ,37.13,27.50
174,2266 Playera Ferreti (Precio en Especial),11.50,6.50
174,2260 Playera Ferreti (Precio en Especial),11.50,6.50
175,2527 Playera Ferreti (Precio en Especial),11.50,6.50
176,2528 Playera Ferreti (Precio en Especial),11.50,6.50
177,2268 Playera Ferreti (Precio en Especial),11.50,6.50
178,2526 Playera Ferreti (Precio en Especial),10.99,3.50
179,2529 Playera Ferreti (Precio en Especial),10.99,5.50
179,2262 Playera Ferreti (Precio en Especial),10.99,5.50
180,2267 Playera Ferreti (Precio en Especial),10.99,4.50
180,2252 Playera Ferreti (Precio en Especial),10.99,3.50
180,2264 Playera Ferreti (Precio en Especial),10.99,3.50
181,2263 Playera Ferreti (Precio en Especial),10.99,4.50
181,2261 Playera Ferreti (Precio en Especial),10.99,4.50
182,2259 Playera Ferreti (Precio en Especial),10.99,3.50
182,2255 Playera Ferreti (Precio en Especial),10.99,3.50
183,7902 Zapato Moda Ferreti ,41.85,31.00
183,7908 Zapato Moda Ferreti ,42.53,31.50
184,7901 Zapato Moda Ferreti ,41.85,31.00
184,8511 Zapato Moda Ferreti ,41.85,31.00
184,8409 Zapato Moda Ferreti ,38.48,28.50
185,7900 Zapato Moda Ferreti ,41.85,31.00
186,0110 Zapato Moda Ferreti ,39.83,29.50
186,0116 Zapato Moda Ferreti  (Precio en Especial),10.99,14.50
186,0220 Zapato Moda Ferreti ,33.08,24.50
187,0104 Zapato Moda Ferreti ,33.08,24.50
187,0108 Zapato Moda Ferreti  (Precio en Especial),10.99,20.50
187,7907 Zapato Moda Ferreti  (Precio en Especial),10.99,16.50
