PAGINA,DESCRIPCION,PRECIO,
1, k- BURBERRY BABY TOUCH 3.4oz SPY EDP KIDS,39.00,25.00
1, K- LOONEY TUNES 3.4oz SPY EDT KIDS,22.00,8.00
1, k- TELETUBIES RED 1.7oz SPY EDT KIDS,20.00,6.00
1, K-SET LOONEY TUNES (3pcs) 3.4oz SPY EDT + 3.4oz SHOWER GEL + KEY CHAIN (METALLIC LUNCH BOX) KIDS,24.00,10.00
1, K-SET MINNIONS (3pcs) 1.7oz SPY EDT+STICKERS+MAGNETS,24.00,10.00
1, k-TST BURBERRY BABY TOUCH 3.4oz SPY EDP KIDS,34.00,20.00
1, kB- GI JOE 3.4oz SPY EDT BOYS,22.00,8.00
1, kB- GI JOE COBRA 3.4oz SPY EDT BOYS,22.00,8.00
1, KB- GO DIEGO GO 3.4oz SPY EDT BOYS,22.00,8.00
1, kB- JUSTICE LEAGUE 3.4oz SPY EDT M,22.00,8.00
1, kB- KUNG-FU PANDA PO 3.4oz SPY EDT BOYS,22.00,8.00
1, KB- MONSTERS UNIVERSITY 3.4oz SPY EDT BOYS,22.00,8.00
1, kB- PIRATES OF THE CARIBBEAN 3.4oz SPY EDT BOYS,22.00,8.00
1, KB- PLANES 3.4oz SPY EDT BOYS,22.00,8.00
1, kB- POKEMON 3.3oz SPY EDT BOY,22.00,8.00
1, kB- SMURFS 3D 3.4oz SPY EDT BOYS,22.00,8.00
1, kB- SMURFS 1.7oz SPY EDT KIDS BOYS,20.00,6.00
1, kB- SPIDER MAN 3.4oz SPY EDT BOYS,22.00,8.00
1, kB- SPIDERMAN ULTIMATE 3.4oz SPY EDT BOYS,22.00,8.00
1, kB- SPIDERMAN ULTIMATE 3.4oz SPY EDT BOYS (METAL BOX),22.00,8.00
1, KB- SPONGE BOB 3.4 SPY EDT M,22.00,8.00
1, kB- SUPERMAN 1.7oz SPY EDT BOYS,19.00,5.00
1, kB- SUPERMAN 3.4oz SPY EDT BOYS,22.00,8.00
1, kB- THE SIMPSONS 3.4oz SPY EDT BOY,22.00,8.00
1, KB- X-MEN WOLVERINE 3.4 SPY EDT M,22.00,8.00
1, KB-SET ANGRY BIRDS GO (3pcs) 1.7oz SPY EDT+STICKERS+TIN BOX,24.00,10.00
1, KB-SET ANGRY BIRDS KING PIG (2pcs) 3.4oz SPY EDT + PIGGY BANK (GREEN),24.00,10.00
1, KB-SET ANGRY BIRDS RED (2pcs) 3.4oz SPY EDT + PIGGY BANK,24.00,10.00
1, KB-SET ANGRY BIRDS RED (3pcs) 1.7oz SPY EDT+5.1oz+SPONGE,24.00,10.00
1, KB-SET BATMAN (2pcs) 3.4oz SPY EDT + 8.0oz BODY WASH BOYS,24.00,10.00
1, KB-SET DISNEY CARS (2pcs) 3.3oz SPY EDT + 3.3oz SHOWER GEL BOYS,22.00,8.00
1, KB-SET DISNEY MICKEY MOUSE (2pcs) 1.7oz SPY EDT + LUGGAGE TAG (METAL LUNCH BOX) BOYS,24.00,10.00
1, KB-SET DISNEY MONSTER UNIVERSITY (3pcs) 3.4oz SPY EDT + SCARE BOX + BALL,24.00,10.00
1, KB-SET DISNEY PLANES (2pcs) 1.7oz SPY EDT + PLANES STICKERS (METAL LUNCH),24.00,10.00
1, KB-SET DISNEY TOY STORY (2pcs) 3.3oz SPY EDT + SHOWER GEL BOYS,22.00,8.00
1, KB-SET FRANKLIN (2pcs) 3.4oz SPY EDT + MATCHING GLOVES BOYS,22.00,8.00
1, KB-SET MARVEL COMICS (IRON MAN-WOLVERINE-HULK-SPIDER MAN-THOR AND CAPITAN AMERICA) (2pcs) 3.4oz SPY EDT + 3.3oz S.G. BOYS,22.00,8.00
1, KB-SET OUI OUI (2pcs) 3.4oz SPY EDT AND KEY CHAIN BOYS (MADE IN FRANCE),22.00,8.00
1, KB-SET SPIDERMAN (2pcs) 3.4oz SPY EDT + 10.2oz SHOWER GEL,24.00,10.00
1, KB-SET SPIDERMAN ULTIMATE (2pcs) 3.4oz SPY + METAL LUCH BOX,24.00,10.00
1, KB-SET SPONGE BOB (2pcs) 3.4oz SPY EDT + 8.0oz BODY WASH BOYS,24.00,10.00
1, KG-SET ANGRY BIRDS STELA (2pcs) 1.7oz SPY EDT + METAL PURSE (PINK),24.00,10.00
1, KG-SET BARBIE (3pcs) 3.4oz SPY EDT+ LIP GLOSS + KEY CHAIN,24.00,10.00
1, KG-SET DISNEY CAMP ROCK (2pcs) 1.7oz SPY EDT + 2.55oz SHOWER GEL KIDS (METAL BOX),22.00,8.00
1, KG-SET DISNEY DAISY DUCK (2pcs) 1.7oz SPY EDT + 2.5oz SHOWER GEL METALLIC LUNCH BOX GIRLS,22.00,8.00
1, KG-SET DISNEY DOC McSTUFFINS 3.4oz SPY EDT+ TIN BOX,24.00,10.00
1, KG-SET DISNEY FROZEN (2pcs) 3.4oz SPY EDT + 10.0oz SHOWER GEL,24.00,10.00
1, KG-SET DISNEY HANNAH MONTANA (2pcs) 1.7oz SPY EDT + 2.55oz BUBBLE BATH GIRLS (METAL BOX),22.00,8.00
1, KG-SET DISNEY HANNAH MONTANA (3pcs) 3.4oz SPY EDT + 6.8oz BUBBLE BATH+ 6.8oz SPARKLING BODY LOTION GIRLS,27.00,13.00
1, KG-SET DISNEY MINNIE MOUSE (2pcs) 1.7oz SPY EDT +LUGGAGE TAG (METAL BOX),24.00,10.00
1, KG-SET DISNEY MINNIE MOUSE (2pcs) 1.7oz SPY EDT + 2.55oz SHOWER GEL GIRLS (METAL BOX),22.00,8.00
1, KG-SET DISNEY MINNIE MOUSE (4pcs) 3.4oz SPY EDT + LIP GLOSS + 2 HAIR CLIPS,24.00,10.00
1, KG-SET DISNEY MINNIE MOUSE (5pcs) 1.7oz SPY EDT + MIRROR+ LIP GLOSS NECKLACE+ 2 HAIR CLIPS,24.00,10.00
1, KG-SET DISNEY MY PRINCESS (2pcs) 3.4oz SPY EDT + 10.2oz SHOWER GEL GIRLS,24.00,10.00
1, KG-SET DISNEY MY PRINCESS (3pcs) 1.7oz SPY EDT + 2.4oz B.L.+TIN BAG,24.00,10.00
1, KG-SET DISNEY PRINCES TANGLE (2pcs) 1.7oz SPY EDT + METALLIC JEWERLY BOX GIRLS,22.00,8.00
1, KG-SET DISNEY PRINCESS (2pcs) 1.7oz SPY EDT + 2.55oz SHOWER GEL GIRLS (METAL BOX),22.00,8.00
1, KG-SET DISNEY PRINCESS (2pcs) 1.7oz SPY EDT+ METALLIC PURSE,24.00,10.00
1, KG-SET DISNEY PRINCESS (3pcs) 3.4oz SPY EDT + 6.8oz SHOWER GEL + 6.8oz BODY LOTION GIRLS,27.00,13.00
1, KG-SET DISNEY PRINCESS (4pcs) 1.7oz SPY EDT+ PHOTO FARME+1.7oz BODY LOTION+ DISNEY STICKERS,24.00,10.00
1, KG-SET DISNEY PRINCESS (5pcs) 1.02oz SPY EDT+ PHOTO FARME+BRACELET+STICK ON EARRINGS+ RING,24.00,10.00
1, KG-SET DISNEY PRINCESS BOOK (7pcs) 1.7oz SPY EDT + NOTE BOOK+ERASER+PENCILL +SHARPENER+STICKERS AND SCISSORS,24.00,10.00
1, KG-SET DISNEY PRINCESS FLOWERS COLLECTION (9pcs) 6 FLOWERS 2.0oz + 3 PERFUMED BAR SOAP GIRLS 1.0oz GIRLS,34.00,20.00
1, KG-SET DISNEY PRINCESS MAGNIFICENT BEAUTIES (2pcs) 3.4oz SPY EDT+METALLIC HEART BAG,24.00,10.00
1, KG-SET DISNEY PRINCESS PURSE (3pcs) 1.7oz SPY EDT + DIAMONDS STICKERS+ METAL PURSE,24.00,10.00
1, KG-SET DISNEY TINKERBELL FAIRIES (2pcs)+1.7oz SPY EDT+TIN BAG,24.00,10.00
1, KG-SET DORA (2pcs) 3.4oz SPY EDT + 8.0oz GLITTERY BODY LOTION GIRLS,24.00,10.00
1, KG-SET HELLO KITTY 3.4oz SPY EDT + METAL LUNCH BOX GIRLS,24.00,10.00
1, KG-SET LOONEY TUNES TWEETY 3.3oz SPY EDT + 6.8oz PERFUMERED SHOWER GEL KIDS (NEW FRAGRANCE),24.00,10.00
1, KG-SET MONSTER HIGH (2pcs) 2.5oz SPY EDT+5.1oz B.L.,24.00,10.00
1, KG-SET MY LITTLE PONY (2pcs) 1.7oz SPY EDT + HAIR BRUSH GIRLS,22.00,8.00
1, KG-SET SELENA GOMEZ WIZARDS (2pcs) 2.04oz SPY EDP + 2.04oz BODY LOTION W,22.00,8.00
1, KG-SET SPONGE BOB (2pcs) 3.4 SPY EDT + 8.0oz BODY WASH,22.00,8.00
1, KG-SET THE SMURFS PAPA (2pcs) 1.7oz SPY EDT + 2.55oz SHOWER GEL (METAL BOX) GIRLS,24.00,10.00
1, W- DORALL VARIOUS 3.4oz SPY EDP W,16.00,2.00
1, W- S&S COLLECTION 3.3oz SPY EDP W,16.00,2.00
1, W- SEX IN THE CITY 3.4oz SPY EDP W,16.50,2.50
1, W- FRAGRANCE MIST 8.4oz SPY WOMAN,17.00,3.00
1, W- KAREN LOW SUBTLE 3.4oz SPY EDP W,18.00,4.00
1, W- BODY SPRAY 8.0oz,19.00,5.00
1, W- GUSSI TATTOO 3.3 SPY EDT W,19.00,5.00
1, W- LAMIS EVERY WOMAN 3.4oz SPY EDP W,19.00,5.00
1, W- LOMANI EXTREME RED 3.4oz SPY EDP W,19.00,5.00
1, W- NEW BRAND BE WITCHED 3.4oz SPY EDT W,19.00,5.00
1, W- NEW BRAND CLASSIC 3.4 SPY EDT W,19.00,5.00
1, W- PARIS FRENCH CAN CAN 3.4oz SPY EDP W,19.00,5.00
1, W- PARIS MORE EXTREMO 3.4 SPY EDP W,19.00,5.00
1, W- PARIS SENSATION 3.4 SPY EDP W,19.00,5.00
1, W- XENIM FANTASY 3.4oz SPY EDP W,19.00,5.00
1, W- ANUCCI WAVE 2.5oz SPY EDT W,20.00,6.00
1, W- CHRISTINE DARVIN HELLO HELLO 3.4oz SPY EDT W,20.00,6.00
1, W- J. CASANOVA UTOPIE 3.4oz SPY EDP W,20.00,6.00
1, W- JEANNE ARTHES Y PSOS 3.4oz SPY W,20.00,6.00
1, W- MELFLEURS YELUNA 3.4oz  SPY EDP W,20.00,6.00
1, W- MICAELANGELO SIBILLA 3.4oz SPY W,20.00,6.00
1, W- PARIS WILD CATS 3.4 SPY EDP W,20.00,6.00
1, W- KAREN LOW STYLE 3.4oz SPY EDT W,21.00,7.00
1, W- PARIS TAZAMO 3.4 SPY EDP W,21.00,7.00
1, W- AMOR 3.3oz SPY W,22.00,8.00
1, W- BEAUTIFUL FLOWER PINK DAISY 3.4oz SPY EDT W,22.00,8.00
1, W- BEAUTIFUL FLOWER PURPLE ORCHID 3.4oz SPY EDT W,22.00,8.00
1, W- BEAUTIFUL FLOWER RED 3.4oz SPY EDT W,22.00,8.00
1, W- CHRISTINE ARBEL MISS ARBEL 3.4oz SPY EDP W,22.00,8.00
1, W- CHRISTINE ARBEL CELEBRITY 3.4oz SPY EDT W,22.00,8.00
1, W- DEON UP SIDE DOWN 3.4oz SPY EDP W,22.00,8.00
1, W- EMPER BIANCA 3.3oz SPY EDP W,22.00,8.00
1, W- EMPER TIMIRA 3.3oz SPY EDP W,22.00,8.00
1, W- ESTELLE VENDOME E.S. 3.4oz SPY EDP W,22.00,8.00
1, W- ESTELLE VENDOME EXQUISITE 3.4oz SPY EDT W,22.00,8.00
1, W- ESTELLE VENDOME INTENSIVE 3.4oz SPY EDP W,22.00,8.00
1, W- EXCLAMATION 1.7oz SPY EDT W,22.00,8.00
1, W- FASHION 3.3 oz SPY WOMEN,22.00,8.00
1, W- GUSSI SEDUCTION 3.3 SPY EDT W,22.00,8.00
1, W- HALSTON CATALYS 3.4oz SPY EDT W,22.00,8.00
1, W- ISABELLA NERUSHAY ENTRE 2 3.4oz SPY EDP W,22.00,8.00
1, W- JACQUES EVARD CORSAGE 3.4oz SPY EDP W,22.00,8.00
1, W- JEANNE ARTHES LES LIONS ATHES 3.4os SPY EDT W,22.00,8.00
1, W- JOHAN B. CHARMED 3.4oz SPY W,22.00,8.00
1, W- JOVAN MUSK 3.0oz SPY EDT W,22.00,8.00
1, W- JOVAN MUSK BLACK 3.0oz SPY EDT W,22.00,8.00
1, W- JOVAN MUSK INTENSE OUD 3.0oz SPY EDT W,22.00,8.00
1, W- JOVAN MUSK SECRET AMBER 3.0oz SPY EDT W,22.00,8.00
1, W- JOVAN MUSK WHITE 3.25oz SPY EDT W,22.00,8.00
1, W- KAREN LOW DENTELLE 3.4OZ SPY EDP W,22.00,8.00
1, W- KAREN LOW LOVE SIXTEEN 3.4 SPY EDP W,22.00,8.00
1, W- KAREN LOW PURE INSTICNT 3.4 SPY EDP W,22.00,8.00
1, W- KAREN LOW SIXTEEN JEANS 3.4 SPY EDT W,22.00,8.00
1, W- LAURA BACI CUTE BLUE 3.4oz SPY EDT W,22.00,8.00
1, W- LAURA BACI CUTE PINK 3.4oz SPY W,22.00,8.00
1, W- LOMANI HIGH TECH SPORT 3.4oz SPY EDT W,22.00,8.00
1, W- LOMANI SI FLEURI PASION 3.4 SPY EDP W,22.00,8.00
1, W- M2 ORANGE 3.4OZ SPY EDP W,22.00,8.00
1, W- MICAELANGELO BELLAGIO 3.4oz SPY EDT W,22.00,8.00
1, W- ONLY ME 3.4OZ SPY EDP W,22.00,8.00
1, W- P.D. 3.3oz SPY EDP W,22.00,8.00
1, W- PARIS EMOTION 3.4oz SPY EDT W,22.00,8.00
1, W- PARIS FIRST LOVE 3.4oz SPY EDP W,22.00,8.00
1, W- PARIS FUJIYAMA GREEN  3.4oz SPY EDP W,22.00,8.00
1, W- PARIS FULL METAL BLUE 3.3oz SPY W,22.00,8.00
1, W- PARIS FULL METAL RED 3.3oz SPY W,22.00,8.00
1, W- PARIS HRAIR 3.4oz SPY W,22.00,8.00
1, W- PARIS SILVER LINE 3.4OZ SPY EDP W,22.00,8.00
1, W- PARIS SONATE 3.4 SPY W,22.00,8.00
1, W- PERLE DOR by KRISTEL SAINT MARTIN 2.5 SPY EDP W,22.00,8.00
1, W- REMY LATOUR RL 3.4 SPY WOMEN,22.00,8.00
1, W- REMY LATOUR RL INTENSE 3.4oz SPY EDT W,22.00,8.00
1, W- REMY LATOUR SI TENDRE DAMOR 3.4 SPY EDP W,22.00,8.00
1, W- REVLON CHARLIE 3.4zo SPY EDT W,22.00,8.00
1, W- REVLON CIARA 2.0oz SPY EDT W,22.00,8.00
1, W- SENSIBILITY 3.3oz SPY EDP W,22.00,8.00
1, W- SWEET CAT 3.4oz SPY EDP W,22.00,8.00
1, W- SWISS ALPINE 3.4oz SPY EDP W,22.00,8.00
1, W- TABU DREAMS 3.0 SPY EDP W,22.00,8.00
1, W- TEA ROSE by WORKSHOP 4.0oz SPY EDT W,22.00,8.00
1, W- TUTTIFIORI CITY X 3.4oz SPY EDP W,22.00,8.00
1, W- VIVIANE VENDELE SO INDEFINIE 3.4 SPY EDT W,22.00,8.00
1, W- WATT WHITE 3.4 SPY EDP W,22.00,8.00
1, W- YVES DE SISTELLE AKOYA 3.4 SPY EDT W,22.00,8.00
1, W- YVES DE SISTELLE INCIDENCE 3.4oz SPY EDP W,22.00,8.00
1, W- CHRISTINE DARVIN MOD TOUCH 3.4oz SPYY EDP W,23.00,9.00
1, W- ESTELLE VENDOME LOVE 3.4oz SPY EDT W,23.00,9.00
1, W- ESTELLE VENDOME LOVELY  PEARL 3.4oz SPY EDP W,23.00,9.00
1, W- FRANCK OLIVER PRIVATE 2.5oz SPY EDP W,23.00,9.00
1, W- LAURA BACI BOOK LOVE VOL II 3.4oz SPY EDP W,23.00,9.00
1, W- LOMANI CRUISER 3.4 SPY EDT W,23.00,9.00
1, W- LOMANI DUE 3.4OZ SPY EDP W,23.00,9.00
1, W- LOMANI FEMME 3.4OZ SPY EDP W,23.00,9.00
1, W- LOVE PASSPORT 3.4oz SPY EDT W,23.00,9.00
1, W- LUXURIOUS by LOUISE DE MAURILLAC 3.4 SPY EDP W,23.00,9.00
1, W- MARJANE WORDS 3.4 SPY EDP W,23.00,9.00
1, W- VIVIANE VENDELE INFONIE GREEN 3.4oz SPY EDT W,23.00,9.00
1, W- YVES DE SISTELLE TENDER KISS 3.3oz SPY EDP W,23.00,9.00
1, W- ANIMALE TEMPTATION 3.4oz SPY EDT W,24.00,10.00
1, W- AXIS CAVIAR AMETHYST 3.0 SPY EDT W,24.00,10.00
1, W- AXIS CAVIAR PINK 3.3oz SPY EDT W,24.00,10.00
1, W- AXIS CAVIAR RED 3.0 SPY EDT WOMEN,24.00,10.00
1, W- AXIS DIAMONDS LOVELY 3.3oz SPY EDP WOMEN,24.00,10.00
1, W- AXIS DIAMONDS SENSUAL 3.3 SPY EDP WOMEN,24.00,10.00
1, W- AXIS FLORALGOLD  3.4oz SPY EDP W,24.00,10.00
1, W- AXIS GLAM 3.0 SPY EDP W,24.00,10.00
1, W- BENETTON BIANCO 3.4oz SPY EDT W,24.00,10.00
1, W- BENETTON COLORS 3.4oz SPY EDT W,24.00,10.00
1, W- BENETTON HOT 3.4OZ SPY W,24.00,10.00
1, W- BENETTON HOT GOLD 3.4OZ SPY W,24.00,10.00
1, W- BENETTON ROSSO 3.4oz SPY EDT W,24.00,10.00
1, W- CAESARS 3.4 SPY EDT W,24.00,10.00
1, W- DESIRADE 3.4oz SPY EDT W,24.00,10.00
1, W- DESIRADE MY DESIRE 3.4oz SPY EDT W,24.00,10.00
1, W- DIESEL PLUS PLUS 2.5oz SPY EDT W (WHITE),24.00,10.00
1, W- DIESEL ZERO PLUS 2.5oz SPY EDT W (RED),24.00,10.00
1, W- ELIZABETH TAYLOR BLACK PEARLS 3.4oz SPY EDP W,24.00,10.00
1, W- ELIZABETH TAYLOR DIAMONDS & SAPPHIRES 3.3oz SPY EDT W,24.00,10.00
1, W- ELLEN TRACY FASHIONISTA 2.5oz SPY EDP W,24.00,10.00
1, W- FRANCK OLIVER SUN JAVA 3.4OZ SPY EDP W,24.00,10.00
1, W- GALE HAYMANS BEVELRY HILLS DELICIOUS 3.4oz SPY EDT W,24.00,10.00
1, W- GALE HAYMANS BEVELRY HILLS DELICIOUS FEELINGS 3.4oz SPY EDT W,24.00,10.00
1, W- JE REVIENS WORTH 2.5oz SPY EDT W,24.00,10.00
1, W- PARIS HILTON FAIRY DUST 3.4oz SPY EDP W,24.00,10.00
1, W- PARIS HILTON PASSPORT SOUTH BEACH 3.4oz SPY EDT W,24.00,10.00
1, W- PARIS HILTON PASSPORT ST. MORITZ 3.4oz SPY EDT W,24.00,10.00
1, W- PARIS MISS PROMIS JURE 3.4 SPY EDP W,24.00,10.00
1, W- REMY LATOUR INTENSE 3.4oz SPY EDP W,24.00,10.00
1, W- VANDERBILT GLORIA VANDERBILT 3.4oz SPY W,24.00,10.00
1, W- FRANCK OLIVER 2.5oz SPY EDT W,26.00,12.00
1, W- GALE HAYMANS BEVELRY HILLS DELICIOUS HOT PINK 3.4oz SPY EDP W,27.00,13.00
1, W- JOHAN B. CLASSIC PRIVILEGE 3.4OZ SPY EDP W,27.00,13.00
1, W- JOHAN B. MOMENT 3.4OZ SPY EDP W,27.00,13.00
1, W- JOHAN B. SO LOVE 3.45oz SPY W,27.00,13.00
1, W- JOHAN B. TATOO GIRL 3.4oz SPY W,27.00,13.00
1, W- ADRIENNE VITTADINI AV 3.0oz SPY EDP W,29.00,15.00
1, W- ARMAF EDITION ONE 3.4oz SPY EDP W,29.00,15.00
1, W- ARMAF TAG HIM PRESTIGE EDITION 3.4oz SPY EDP W,29.00,15.00
1, W- BEYONCE HEAT RUSH 3.4oz SPY EDT W,29.00,15.00
1, W- BEYONCE MIDNIGHT HEAT 3.4oz SPY EDP W,29.00,15.00
1, W- CANDY CRUSH SWEET!  2.5oz SPY EDP W,29.00,15.00
1, W- CELINE DION 3.4oz SPY EDT W,29.00,15.00
1, W- CHOPARD MADNESS 3.4oz SPY EDP W,29.00,15.00
1, W- DAVID BECKAM INTEMATELY 2.5oz SPY EDT W,29.00,15.00
1, W- DAVID BECKAM SIGNATURE 2.5oz SPY EDP W,29.00,15.00
1, W- DENISE RICHARDS 3.4oz SPY EDP W,29.00,15.00
1, W- DIANNE VON FURSTENBERG 3.4oz SPY W,29.00,15.00
1, W- ELIZABETH ARDEN ARDEN BEAUTY 3.4oz SPY EDP W,29.00,15.00
1, W- ELIZABETH ARDEN GREEN TEA EXOTIC 3.4oz SPY EDT W,29.00,15.00
1, W- ELIZABETH ARDEN GREEN TEA SUMMER 3.4oz SPY EDT W,29.00,15.00
1, W- ELIZABETH ARDEN SUNFLOWERS 3.4oz SPY EDT W,29.00,15.00
1, W- ELIZABETH ARDEN TRUE LOVE 3.4oz SPY EDT W,29.00,15.00
1, W- ELIZABETH TAYLOR GARDENIA 3.4 SPY EDP W,29.00,15.00
1, W- ELLEN TRACY LOVE NOTES 3.4oz SPY EDP W,29.00,15.00
1, W- FCUK 3.4oz SPY EDP W,29.00,15.00
1, W- FRED HAYMANS BEVERLY HILLS 273 RED 2.5oz SPY EDP W,29.00,15.00
1, W- FRED HAYMANS BEVERLY HILLS HOLLYWOOD 3.4oz SPY EDP W,29.00,15.00
1, W- GABRIELA SABATINI 2.0oz SPY EDT W,29.00,15.00
1, W- GIORGIO BEVERLY HILLS WINGS 3.0oz SPY EDT W,29.00,15.00
1," W- GWEN STEFANI HARAJUKU LOVER ""G"" 1.0oz SPY W",29.00,15.00
1," W- GWEN STEFANI HARAJUKU LOVER ""MUSIC"" 1.0oz SPY W",29.00,15.00
1, W- HALLE by HALLE BERRY 3.4oz SPY EDP W,29.00,15.00
1, W- HALSTON 3.4oz SPY COL W,29.00,15.00
1, W- HISTOIRE DAMOUR 3.4oz SPY EDT W,29.00,15.00
1, W- ICEBERG EFFUSION 3.4 SPY EDT M,29.00,15.00
1, W- ICEBERG TWICE 3.4oz SPY EDT W,29.00,15.00
1, W- LAPIDUS FANTASME 3.4oz SPY EDT W,29.00,15.00
1, W- LIZ CLAIBORNE 3.4oz SPY EDP W,29.00,15.00
1, W- LIZ CLAIBORNE BORA BORA EXOTIC 3.4oz SPY EDT W,29.00,15.00
1, W- LIZ CLAIBORNE CURVE CONNECT 3.4oz SPY EDT W,29.00,15.00
1, W- LIZ CLAIBORNE CURVE KICKS 3.4oz SPY EDT W,29.00,15.00
1, W- LIZ CLAIBORNE CURVE WAVE 3.4oz SPY EDT W,29.00,15.00
1, W- LIZ CLAIBORNE LUCKY YOU 3.4oz SPY EDT W,29.00,15.00
1, W- LIZ CLAIBORNE MAMBO 3.4 SPY EDT W,29.00,15.00
1, W- LIZ CLAIBORNE REALITIES 3.4oz SPY EDT W,29.00,15.00
1, W- PAUL SEBASTIAN DESIGN 3.4oz SPY EDP W,29.00,15.00
1, W- PERFUME GRESS CABOCHARD 3.4oz SPY EDT W,29.00,15.00
1, W- PERFUME GRESS CABOTINE 3.4oz SPY EDT W,29.00,15.00
1, W- PHANTOM 3.4oz SPY EDP W,29.00,15.00
1, W- RUMBA by TED LAPIDUS 3.4oz SPY EDT W,29.00,15.00
1, W- VICKY TIEL by TICKLED PINK 3.4oz EDP W,29.00,15.00
1, W-GIORGIO AIRE 3.0oz SPY EDT W,29.00,15.00
1, W-GIORGIO BLUE 3.0oz SPY EDT W,29.00,15.00
1, W- ALFRED SUNG SUNG FOREVER 4.0oz SPY EDP W,32.00,18.00
1, W- ANIMALE CHALEUR DANIMALE 3.4oz SPY EDP W,32.00,18.00
1, W- BABY PHAT GODDESS 3.4oz SPY EDP W,32.00,18.00
1, W- BCBG MAXAZRIA BON GENRE 3.4oz SPY EDP W,32.00,18.00
1, W- BEYONCE HEAT MRS CARTER 3.4oz SPY EDP W,32.00,18.00
1, W- BEYONCE PULSE 3.4oz SPY EDP W,32.00,18.00
1, W- BEYONCE PULSE NYC 3.4oz SPY EDP W,32.00,18.00
1, W- BIJAN 2.5oz SPY EDT W,32.00,18.00
1, W- ELIZABETH ARDEN BLUE GRASS 3.3oz SPY EDP W,32.00,18.00
1, W- ELIZABETH TAYLOR FOREVER ELIZABETH 3.4oz SPY EDP W,32.00,18.00
1, W- ELIZABETH TAYLOR PASSION 2.5oz SPY EDT W,32.00,18.00
1, W- FRED HAYMANS BEVERLY HILLS 273 RODEO DRIVE 2.5oz SPY EDP W,32.00,18.00
1, W- FRED HAYMANS BEVERLY HILLS TOUCH 3.3 SPY EDT W,32.00,18.00
1, W- GIORGIO BEVERLY HILLS GIORGIO G 3.0oz SPY EDP W,32.00,18.00
1, W- GUESS SEDUCTIVE 2.5oz SPY EDT W,32.00,18.00
1, W- HALLE BERRY PURE ORCHID 3.4oz SPY EDP W,32.00,18.00
1, W- HARD CANDY 3.4oz SPY EDP W,32.00,18.00
1, W- J-LO LIVE 3.4oz SPY EDP W,32.00,18.00
1, W- J-LO STILL 3.4oz SPY EDP W,32.00,18.00
1, W- JESSICA SIMPSON I FANCY YOU 3.4oz SPY EDP W,32.00,18.00
1, W- KATTY PERRY KILLER QUEEN 3.4oz SPY EDP W,32.00,18.00
1, W- LIZ CLAIBORNE CURVE 3.4oz SPY EDT W,32.00,18.00
1, W- LIZ CLAIBORNE CURVE CRUSH 3.4 SPY EDT W,32.00,18.00
1, W- LIZ CLAIBORNE VIVID 3.4oz SPY EDT W,32.00,18.00
1, W- OSCAR DE LA RENTA VOLUPTE 3.4oz SPY EDT W,32.00,18.00
1, W- PARIS HILTON CAN CAN 3.4oz SPY EDP W,32.00,18.00
1, W- PARIS HILTON HEIRES 3.4oz SPY EDP W,32.00,18.00
1, W- PARIS HILTON JUST ME 3.4oz SPY EDP W,32.00,18.00
1, W- PARIS HILTON SIREN 3.4oz SPY EDP W,32.00,18.00
1, W- PARIS HILTON WITH LOVE 3.4 oz SPY EDP,32.00,18.00
1, W- PERRY ELLIS AMERICA 5.0oz SPY EDT W,32.00,18.00
1, W- PERRY ELLIS HER 4.2oz SPY EDP  W,32.00,18.00
1, W- SIRENE VICKY TIEL 3.4 SPY EDP W,32.00,18.00
1, W- VERSACE RED JEANS 2.5oz  SPY EDT W,32.00,18.00
1, W- WHITE SHOULDERS 4.5 SPY EDP W,32.00,18.00
1, W- ALFRED SUNG SUNG 3.4oz SPY EDT W,34.00,20.00
1, W- ALFRED SUNG PURE 3.4oz SPY EDP W,34.00,20.00
1, W- ALFRED SUNG SHI 3.4oz SPY EDP,34.00,20.00
1, W- ANIMALE ANIMALE 3.4oz SPY EDP W,34.00,20.00
1, W- BEBE DESIRE 3.4oz SPY EDP W,34.00,20.00
1, W- BEBE LOVE 3.4oz SPY EDP W,34.00,20.00
1, W- BEBE NOUVEAU 3.4oz SPY EDP W,34.00,20.00
1, W- BEBE NOUVEAU CHIC 3.4oz SPY EDP W,34.00,20.00
1, W- BEBE SHEER 3.4oz SPY EDP W,34.00,20.00
1, W- BEBE WISHES & DREAMS 3.3oz SPY EDP W,34.00,20.00
1, W- BILL BLASS HOT 3.4oz SPY EDC W,34.00,20.00
1, W- BILL BLASS NUDE 3.4oz SPY EDC W,34.00,20.00
1, W- BRITNEY SPEARS BELIEVE 3.3oz SPY EDP W,34.00,20.00
1, W- BRITNEY SPEARS CIRCUS 3.4oz SPY EDP W,34.00,20.00
1, W- BRITNEY SPEARS CURIOUS 3.4oz SPY EDP W,34.00,20.00
1, W- BRITNEY SPEARS CURIOUS IN CONTROL 3.4oz SPY EDP W,34.00,20.00
1, W- BRITNEY SPEARS HIDDEN FANTASY 3.3oz SPY EDP W,34.00,20.00
1, W- DAVIDOFF COOL WATER CORAL REEF 3.4oz SPY EDT W,34.00,20.00
1, W- ELIZABETH ARDEN 5th AVENUE STYLE 4.2oz SPY EDT W,34.00,20.00
1, W- ELIZABETH ARDEN MEDITERRANEAN 3.3oz SPU EDP W,34.00,20.00
1, W- ELIZABETH TAYLOR VIOLET EYES 3.4oz zo SPY EDP W,34.00,20.00
1, W- EMANUEL UNGARO APPARITION SKY 3.0oz SPY EDT W,34.00,20.00
1, W- FRED HAYMANS BEVERLY HILLS 273 2.5oz SPY EDP W,34.00,20.00
1," W- GIORGIO BEVERLY HILLS ""GIORGIO RED"" 3.0oz SPY EDT W",34.00,20.00
1, W- GUESS by GUESS 2.5oz SPY EDP W,34.00,20.00
1, W- GUESS DARE 3.4oz SPY EDT W,34.00,20.00
1, W- GUESS GIRL 3.4oz SPY EDT W,34.00,20.00
1, W- GUESS GIRL BELLE 3.4oz SPY EDT W,34.00,20.00
1, W- GUESS MARCIANO 3.4oz SPY EDP W,34.00,20.00
1, W- HALLOWEEN SUN by JESUS DEL POZO 3.4oz SPY EDT W,34.00,20.00
1, W- HALLOWEEN WATER LYLY by JESUS DEL POZO 3.4oz SPY EDT W,34.00,20.00
1, W- J-LO GLOW LA 3.4oz EDT SPY,34.00,20.00
1, W- J-LO GLOW WILD 3.4oz SPY EDT W,34.00,20.00
1, W- J-LO MIAMI GLOW 3.4oz SPY EDT W,34.00,20.00
1, W- JEAN COUTURIER CORIANDRE 3.3oz SPY EDP,34.00,20.00
1, W- JESSICA McCLINTOCK 3.4 SPY EDP W,34.00,20.00
1, W- JESSICA SIMPSON FANCY GIRL 3.4oz SPY EDP W,34.00,20.00
1, W- JESSICA SIMPSON FANCY LOVE 3.4oz SPY EDP W,34.00,20.00
1, W- JUSTIN BIEBER GIRLFRIEND 3.4oz SPY EDP GIRLS,34.00,20.00
1, W- JUSTIN BIEBER SOMEDAY 3.4oz SPY EDP GIRLS,34.00,20.00
1, W- JUSTIN BIEBER THE KEY 3.4oz SPY EDP GIRLS,34.00,20.00
1, W- KATTY PERRY MEOW 3.4oz SPY EDP W,34.00,20.00
1, W- KATTY PERRY PURR 3.4oz SPY EDP W,34.00,20.00
1, W- KHLOE LAMAR UNBREAKABLE LOVE 3.4oz SPY EDT W,34.00,20.00
1, W- LEONARD TAMANGO 3.3oz SPY EDT W,34.00,20.00
1, W- MARIAH CAREY FOREVER 3.4oz SPY EDP W,34.00,20.00
1, W- NIURKA by NIURKA MARCOS 3.0oz SPY EDP With PHEROMONES,34.00,20.00
1, W- ONE DIRECTION OUR MOMENT 3.4oz SPY EDP W,34.00,20.00
1, W- ONE DIRECTION THAT MOMENT 3.4oz SPY EDP W,34.00,20.00
1, W- OSCAR DE LA RENTA SO DE LA RENTA 3.3oz  SPY EDT W,34.00,20.00
1, W- PARIS HILTON 3.4oz SPY EDP W,34.00,20.00
1, W- PERRY ELLIS 18 3.4oz SPY EDP W,34.00,20.00
1, W- PERRY ELLIS 360 PINK 3.4oz SPY EDT W,34.00,20.00
1, W- PINK SUGAR 3.4oz SPY EDT W,34.00,20.00
1, W- PINK SUGAR GOLD 3.4oz SPY EDT W,34.00,20.00
1, W- ROYAL SECRET EAU 3.4 SPY EDT W,34.00,20.00
1, W- SALVADOR DALI DALI STYLE 3.4oz SPY EDT W,34.00,20.00
1, W- SALVADOR DALI IT IS LOVE INTENSE 3.4oz SPY EDT W,34.00,20.00
1, W- SALVADOR DALI LITTLE KISS 3.4oz SPY EDP W,34.00,20.00
1, W- SELENA GOMEZ 3.4oz SPY EDP W,34.00,20.00
1, W- SKOOKI 3.4oz SPY EDP W,34.00,20.00
1, W- SKOOKI COUTURE 3.4oz SPY EDP W,34.00,20.00
1, W- SWISS ARMY VICTORIA  3.4 SPY EDT W,34.00,20.00
1, W- TAYLOR SWIFT TAYLOR 3.4oz SPY EDP W,34.00,20.00
1, W- TAYLOR SWIFT WONDERSTRUCK ENCHANTED 3.4oz SPY EDP W,34.00,20.00
1, W- J-LO BLUE GLOW 3.4oz EDT SPY W,37.00,23.00
1, W- J-LO EAU de GLOW 3.4oz EDT SPY W,37.00,23.00
1, W- J-LO GLOW 3.4oz EDT SPY,37.00,23.00
1, W- J-LO LIVE LUXE 3.4oz SPY EDP W,37.00,23.00
1, W- J-LO SUNKISSED 3.4oz SPY EDT W,37.00,23.00
1, W- BETSY JHONSON 3.4oz SPY EDP W,39.00,25.00
1, W- BETSY JHONSON TOO TOO 3.4oz SPY EDP W,39.00,25.00
1, W- BRITNEY SPEARS FANTASY 3.3oz SPY EDP W,39.00,25.00
1, W- CALVIN KLEIN CONTRADICTION 3.4oz SPY EDP W,39.00,25.00
1, W- CALVIN KLEIN ETERNITY MOMENT 3.4oz SPY EDP W,39.00,25.00
1, W- CALVIN KLEIN ETERNITY NIGHT 3.4oz SPY EDP W,39.00,25.00
1, W- CALVIN KLEIN ETERNITY SUMMER 3.4oz SPY EDP W,39.00,25.00
1, W- CALVIN KLEIN OBSESSION 3.4oz SPY EDP W,39.00,25.00
1, W- CALVIN KLEIN OBSESSION SECRET 3.4oz SPY EDP W,39.00,25.00
1, W- CHLOE NARCISSE  3.40oz SPY EDT W,39.00,25.00
1, W- CHOPARD WISH 2.5oz SPY EDP W,39.00,25.00
1, W- DAVIDOFF COOL WATER 3.4oz SPY EDT W,39.00,25.00
1, W- DAVIDOFF COOL WATER SENSUAL ESSENCE 3.4oz SPY EDT W,39.00,25.00
1, W- DAVIDOFF ECHO 3.4oz SPY EDP W,39.00,25.00
1, W- ELIZABETH ARDEN 5th AVENUE NYC 4.2oz SPY EDP W,39.00,25.00
1, W- ELIZABETH ARDEN RED DOOR SHIMMER 3.4oz SPY EDP W,39.00,25.00
1, W- ELIZABETH TAYLOR WHITE DIAMONDS 3.3oz SPY EDT W,39.00,25.00
1, W- HALLOWEEN BLUE DROP by JESUS DEL POZO 3.4oz SPY EDT W,39.00,25.00
1, W- HALLOWEEN by JESUS DEL POZO 3.4oz SPY EDT W,39.00,25.00
1, W- HALLOWEEN FRESIA by JESUS DEL POZO 3.4oz SPY EDT W,39.00,25.00
1, W- HERVE LEGER ROSE LEGER 3.0oz SPY EDP W,39.00,25.00
1, W- J-LO GLOW RIO 3.4oz EDT SPY,39.00,25.00
1, W- JENNIFER ANISTON 2.9oz SPY EDP W,39.00,25.00
1, W- JESSICA SIMPSON VINTAGE BLOOM 3.4 SPY EDP W,39.00,25.00
1, W- JOOP! FEMME 3.4 SPY EDT W,39.00,25.00
1, W- KATTY PERRY KILLER QUEEN ROYAL REVOLUTION 3.4oz SPY EDP W,39.00,25.00
1, W- KENNETH COLE BLACK 3.4oz SPY EDP W,39.00,25.00
1, W- KENNETH COLE REACTION 3.4 SPY EDP W,39.00,25.00
1, W- KENNETH COLE WHITE 3.4 oz SPY EDP,39.00,25.00
1, W- KIM KARDASHIAN GLAM 3.4oz SPY EDP W,39.00,25.00
1, W- LADY GAGA FAME 3.4oz SPY EDP W,39.00,25.00
1, W- LANVIN ECLAT DARPEGE 3.4 SPY EDP W,39.00,25.00
1, W- MARIAH CAREY LUSCIOUS PINK 3.3oz SPY EDP W,39.00,25.00
1, W- MARIAH CAREY M 3.3oz SPY EDP W,39.00,25.00
1, W- NICKI MINAJ MINAJESTY 3.4oz SPY EDP W,39.00,25.00
1, W- NICKI MINAJ PINK FRIDAY 3.4oz SPY EDP W,39.00,25.00
1, W- OMBRE ROSE 3.4oz SPY EDT W,39.00,25.00
1, W- OMBRE ROSE COLOGNE 3.4oz SPY EDC W,39.00,25.00
1, W- OSCAR DE LA RENTA INTRUSION 3.4 SPY EDT W,39.00,25.00
1, W- OSCAR DE LA RENTA LATIN LIGHT 3.4 SPY EDT,39.00,25.00
1, W- OSCAR DE LA RENTA LIMITED 3.4oz SPY EDP W,39.00,25.00
1, W- PERRY ELLIS 360 PURPLE 3.4oz SPY EDP W,39.00,25.00
1, W- ROCHAS ABSOLU 2.5 SPY EDP W,39.00,25.00
1, W- ROCHAS FEMME 3.4 SPY EDT W,39.00,25.00
1, W- ROCHAS MADAME 3.4oz SPY EDT W,39.00,25.00
1, W- ROCHAS TOCADE 3.4 SPY EDT W,39.00,25.00
1, W- SALVADORE FERRAGAMO INCANTO 3.4oz SPY EDP W,39.00,25.00
1, W- SALVADORE FERRAGAMO INCANTO AMITY 3.4oz SPY EDT W,39.00,25.00
1, W- SALVADORE FERRAGAMO INCANTO BLOOM 3.4oz SPY EDP W,39.00,25.00
1, W- SALVADORE FERRAGAMO INCANTO CHARMS 3.4oz SPY EDP W,39.00,25.00
1, W- SALVADORE FERRAGAMO INCANTO DREAM GOLDEN 3.4oz SPY EDP W,39.00,25.00
1, W- SALVADORE FERRAGAMO INCANTO DREAMS 3.4oz SPY EDT W,39.00,25.00
1, W- SALVADORE FERRAGAMO INCANTO SHINE 3.4 SPY EDT W,39.00,25.00
1, W- TOMMY GIRL 3.4oz SPY EDT W,39.00,25.00
1, W- TOUS IN HEAVEN 3.4oz SPY W,39.00,25.00
1, W- VERA WANG LOOK 3.4oz SPY EDP W,39.00,25.00
1, W- VERA WANG PREPPY PRINCESS 3.4oz SPY EDT W,39.00,25.00
1, W- VERA WANG PRINCESS GLAM 3.4oz SPY EDP W,39.00,25.00
1, W- VERA WANG TRULY PINK 3.4oz SPY EDP W,39.00,25.00
1, W- GENDARME CARRIERE 2.0oz SPY EDT W,40.00,26.00
1, W- BURBERRY 3.4 SPY EDP W,42.00,28.00
1, W- CALVIN KLEIN BEAUTY 3.4oz SPY EDP W,42.00,28.00
1, W- CALVIN KLEIN CKIN2U 5.0oz SPY EDT W,42.00,28.00
1, W- CALVIN KLEIN ESCAPE 3.4oz SPY EDP W,42.00,28.00
1, W- CALVIN KLEIN OBSESSION NIGHT 3.4oz SPY EDP W,42.00,28.00
1, W- CALVIN KLEIN SHEER BEAUTY 3.4oz SPY EDT W,42.00,28.00
1, W- CERRUTI 1881 FEMME 3.4oz SPY EDT W,42.00,28.00
1, W- ELIZABETH ARDEN RED DOOR 3.4oz SPY EDT W,42.00,28.00
1, W- HALLOWEEN FLEUR by JESUS DEL POZO 3.4oz SPY EDT W,42.00,28.00
1, W- HUGO BOSS XX 3.3oz SPY EDT W,42.00,28.00
1, W- J-LO LOVE AND GLAMOUR 2.5oz SPY EDP W,42.00,28.00
1, W- J-LO LOVE AND LIGHT 2.5oz SPY EDP W,42.00,28.00
1, W- J-LO LOVE AT FIRST GLOW 3.4oz SPY EDT W,42.00,28.00
1," W- JUICY COUNTURE COUTURE COUTURE"" 3.4oz SPY EDP W",42.00,28.00
1, W- LANVIN MARRY ME 2.5oz SPY EDP W,42.00,28.00
1, W- MONT BLANC INDIVIDUELLE 2.5 SPY EDT W,42.00,28.00
1, W- MOSCHINO FUNNY 3.4oz SP EDT W,42.00,28.00
1, W- MOSCHINO I LOVE LOVE 3.4oz SPY EDT W,42.00,28.00
1, W- OSCAR DE LA RENTA ROSAMOR 3.4oz SPY EDT W,42.00,28.00
1, W- SWAROVSKI AURA 2.6oz SPY EDT W,42.00,28.00
1, W- TOMMY EAU DE PREP 3.4oz SPY EDT W,42.00,28.00
1, W- TOUS H2O 3.4oz SPY W,42.00,28.00
1, W- TOUS SENSUAL TOUCH 3.4oz SPY EDT W,42.00,28.00
1, W- TRUE RELIGION LOVE HOPE DEMIN 3.4oz SPY EDP W,42.00,28.00
1, W- VERA WANG LOVESTRUCK 3.4oz SPY EDP W,42.00,28.00
1, W- BURBERRY BODY 2.8oz SPY EDT W,44.00,30.00
1, W- BURBERRY BODY TENDER 2.8oz SPY EDT W,44.00,30.00
1, W- BURBERRY BRIT 3.4oz SPY EDT W,44.00,30.00
1, W- BURBERRY BRIT RHYTHM 3.0oz SPY EDT W,44.00,30.00
1, W- BURBERRY SPORT 2.5oz SPY EDT W,44.00,30.00
1, W- BURBERRY SUMMER 3.4OZ SPY EDT W,44.00,30.00
1, W- BURBERRY THE BEAT 2.5oz SPY EDT W,44.00,30.00
1, W- CALVIN KLEIN ETERNITY 3.4oz SPY EDP W,44.00,30.00
1, W- CALVIN KLEIN TRUTH 3.4oz SPY EDP W,44.00,30.00
1, W- DAVID YURMAN DELICATE ESSENCE 3.4oz SPY EDT W,44.00,30.00
1, W- DAVID YURMAN EXOTIC ESSENCE 3.4oz SPY EDT W,44.00,30.00
1, W- EMANUEL UNGARO DIVA 3.4oz SPY EDT W,44.00,30.00
1, W- GIEFFEFFE 6.7oz SPY EDP W,44.00,30.00
1, W- HANAE MORI 3.4oz SPY EDT W,44.00,30.00
1, W- HUGO BOSS NUIT INTENSE 2.5oz SPY EDP W,44.00,30.00
1, W- HUGO BOSS ORANGE SUNSET WOMAN 2.5oz SPY W,44.00,30.00
1, W- JACQUES FATH FATH DE FAHTH,44.00,30.00
1, W- LALIQUE ENCRE NOIRE 3.4oz SPY EDP W,44.00,30.00
1, W- LOLITA LEMPICA SI LOLITA 2.7oz SPY EDP W,44.00,30.00
1, W- LOLITA LEMPICKA 3.4 SPY EDP W,44.00,30.00
1, W- MADONA TRUTH OR DARE 3.4 SPY EDP W,44.00,30.00
1, W- MONT BLANC LEGEND 2.5 SPY EDP W,44.00,30.00
1, W- MOSCHINO CHEAP CHIC 3.4oz SPY EDT W,44.00,30.00
1, W- MOSCHINO LIGHT CLOUDS 3.4oz SPY EDT W,44.00,30.00
1, W- MOSCHINO TOUJOURS GLAMOURS 3.4oz SPY EDT W,44.00,30.00
1, W- TOUS LEAU DE by TOUS 3.0oz SPY EDT W,44.00,30.00
1, W- TOUS ROSA 3.0oz SPY EDP W,44.00,30.00
1, W- VAN CLEEF FIRST 3.4oz SPY EDT W,44.00,30.00
1, W- VERA WANG PRINCESS 3.4oz SPY EDT W,44.00,30.00
1, W- VINCE CAMUTO 3.4oz SPY EDP W,44.00,30.00
1, W- BURBERRY BRIT SHEER 3.4oz SPY EDT W,49.00,35.00
1, W- BURBERRY BRIT SUMMER 3.4 SPY EDT W,49.00,35.00
1, W- BURBERRY LONDON FABRIC 3.4oz SPY EDP W,49.00,35.00
1, W- BURBERRY TOUCH 3.3oz SPY EDP W,49.00,35.00
1, W- BURBERRY WEEKEND 3.3oz SPY EDP W,49.00,35.00
1, W- BVLGARI AU THE BLANC 3.3oz SPY EDC W,49.00,35.00
1, W- BVLGARI BLV II 2.5oz EDP SPY W,49.00,35.00
1, W- BVLGARI MON JASMINE NOIR 2.5oz SPY EDP W,49.00,35.00
1, W- BVLGARI OMNIA AMETHYSTE 2.2oz SPY EDT W,49.00,35.00
1, W- BVLGARI OMNIA CORAL 2.2oz SPY EDT W,49.00,35.00
1, W- BVLGARI OMNIA CRYSTALINE 2.2oz SPY EDT W,49.00,35.00
1, W- CALVIN KLEIN DOWNTOWN 3.0oz SPY EDP W,49.00,35.00
1, W- CALVIN KLEIN EUPHORIA 3.4oz SPY EDP W,49.00,35.00
1, W- CALVIN KLEIN EUPHORIA ENDLESS 4.2oz SPY EDP W,49.00,35.00
1, W- CALVIN KLEIN EUPHORIA FORBIDDEN 3.3oz SPY EDP W,49.00,35.00
1, W- CALVIN KLEIN SHEER BEAUTY ESSENCE 3.4oz SPY EDP W,49.00,35.00
1, W- DAVIDOFF COOL WATER 6.8oz SPY EDT W,49.00,35.00
1, W- DKNY BE DELICIOUS NIGHT 3.4oz SPY EDT W,49.00,35.00
1, W- DKNY BE DELICIOUS RED 3.4 SPY EDP W,49.00,35.00
1, W- ESCADA DESIRE ME 2.5oz SPY EDP W,49.00,35.00
1, W- ESCADA INCREDIBLE ME 2.5oz SPY EDP W,49.00,35.00
1, W- ESCADA MAGNETISM 2.5oz SPY EDP W,49.00,35.00
1, W- ESTEE LAUDER ESTEE 2.0oz SPY EDP W,49.00,35.00
1, W- ESTEE LAUDER YOUTH DEW 2.25oz SPY EDP W,49.00,35.00
1, W- GIVENCHY DAHLIA NOIR LEAU 3.0oz SPY EDT,49.00,35.00
1, W- GUERLAIN SHALIMAR 2.5 EDC SPY W,49.00,35.00
1, W- HUGO BOSS BOSS WOMAN (WHITE BOX) 3.0oz SPY EDP W,49.00,35.00
1, W- HUGO BOSS FEMME 2.5oz SPY EDP W,49.00,35.00
1, W- HUGO BOSS HUGO DEEP RED 3.0oz SPY EDT W,49.00,35.00
1, W- HUGO BOSS JOUR 2.5oz SPY EDP W,49.00,35.00
1, W- HUGO BOSS ORANGE WOMAN 2.5oz SPY EDT W,49.00,35.00
1, W- JENNI RIVERA JR 3.4oz SPY EDP W,49.00,35.00
1, W- JIMMY CHOO 3.4zo SPY EDT W,49.00,35.00
1, W- JIMMY CHOO FLASH LONDON CLUB 3.3zo SPY EDP W,49.00,35.00
1, W- LACOSTE EAU DE LACOSTE FEMME 3.0oz SPY EDT W,49.00,35.00
1, W- LACOSTE EAU SENSUELLE DE LACOSTE 3.0oz SPY EDP W,49.00,35.00
1, W- LACOSTE TOUCH OF PINK 3.4oz EDT W,49.00,35.00
1, W- LANVIN ARPAGE 3.4 SPY EDP W,49.00,35.00
1, W- LAURA BIAGIOTTI ROMA 3.4 SPY EDT W,49.00,35.00
1, W- MOSCHINO CHEAP & CHIC CHIC PETALS 3.4oz SPY EDT W,49.00,35.00
1, W- MOSCHINO PINK BOUQUET 3.4oz SPY EDT W,49.00,35.00
1, W- NINA RICCI LAIR DU TEMPS 3.4 SPY EDT W,49.00,35.00
1, W- NINA RICCI LAIR DU TEMPS LOVE FILLS 3.4oz SPY EDT W,49.00,35.00
1, W- NINA RICCI PREMIER JOUR 3.4oz SPY EDP W,49.00,35.00
1, W- TOMMY GIRL SUMMER 3.4oz SPY EDP W,49.00,35.00
1, W- VERA WANG ANNIVERSARY 3.4oz SPY  EDP W,49.00,35.00
1, W- VERA WANG LOVESTRUCK FLORAL RUSH 3.4oz SPY EDP W,49.00,35.00
1, W- VINCE CAMUTO FIORI 3.4oz SPY EDT W,49.00,35.00
1, W- YSL Y 3.4 SPY EDT,49.00,35.00
1, W- CAROLINA HERRERA 3.4oz SPY EDT W,50.00,36.00
1, W- BVLGARI OMNIA INDIAN GARNET 2.2oz SPY EDT W,52.00,38.00
1, W- BVLGARI POUR FEMME 3.4oz SPY EDT W,52.00,38.00
1, W- BVLGARI ROSE ESSENTIALLE 3.4oz SPY EDT W,52.00,38.00
1, W- CACHAREL AMOR AMOR FORBIDDEN KISS 3.4oz SPY EDT W,52.00,38.00
1, W- CARTIER DE LUNE 4.2oz SPY EDT W,52.00,38.00
1, W- CLINIQUE CALYX 1.7oz SPY  W,52.00,38.00
1, W- DKNY 3.4oz SPY EDP W,52.00,38.00
1, W- DKNY BE DELICIOUS 3.4oz SPY EDP W,52.00,38.00
1, W- GIVENCHY EAU TORRIDE 3.4oz SPY EDT W,52.00,38.00
1, W- GIVENCHY EXTRAVAGANCE D AMARIGE 3.4oz SPY EDT W,52.00,38.00
1, W- GIVENCHY PLAY 2.5oz SPY EDP W,52.00,38.00
1, W- GIVENCHY VERY IRRESISTIBLE SUMMER VIBRATIONS 2.5oz SPY EDT W,52.00,38.00
1, W- GUY LAROCHE FIDJI 3.4oz SPY EDT W,52.00,38.00
1, W- HUGO BOSS HUGO WOMAN (RED BOX) 4.2oz SPY EDT W,52.00,38.00
1, W- NINA RICCI MADEMOISELLE RICCI 2.7oz SPY EDP W,52.00,38.00
1, W- SALVATORE FERRAGAMO SIGNORINA 3.4 SPY EDP W,52.00,38.00
1, W- SALVATORE FERRAGAMO SIGNORINA ELEGANZA 3.4oz SPY EDP W,52.00,38.00
1, W- YSL BABY DOLL 3.4 SPY EDT W,52.00,38.00
1, W- BOUCHERON by BOUCHERON 3.4oz SPY EDT W,54.00,40.00
1, W- BOUCHERON PLACE VENDOME 3.3oz SPY EDP W,54.00,40.00
1, W- BVLGARI JASMINE NOIR 3.4oz SPY EDT W,54.00,40.00
1, W- CACHAREL ANAIS ANAIS 3.4oz SPY EDT W,54.00,40.00
1, W- CARTIER MUST 3.4oz SPY EDT W,54.00,40.00
1, W- CHLOE SEE 2.5oz SPY EDP W,54.00,40.00
1, W- DKNY ART 3.4oz SPY EDT W,54.00,40.00
1, W- ESTEE LAUDER WHITE LINEN 2.0oz SPY EDP W,54.00,40.00
1, W- GIVENCHY VERY IRRESISTIBLE 2.5oz SPY EDT W,54.00,40.00
1, W- GIVENCHY VERY IRRESISTIBLE ELECTRIC ROSE 1.7oz SPY EDT W,54.00,40.00
1, W- GUERLAIN IDYLLE 2.5oz SPY EDT W,54.00,40.00
1, W- JIMMY CHOO EXOTIC 3.4zo SPY EDT W,54.00,40.00
1, W- NINA RICCI NINA LEAU 2.7oz SPY EAU FRAICHE W,54.00,40.00
1, W- NINA RICCI NINA LELIXIR 2.7oz SPY EDP W,54.00,40.00
1, W- NINA RICCI NINA 2.7oz SPY EDT W,54.00,40.00
1, W- PACO RABANNE XS BLACK 2.7oz SPY EDT W,54.00,40.00
1, W- PACO RABANNE XS LEXCES BLACK 2.7oz SPY EDT W,54.00,40.00
1, W- SEAN JOHNN UNFORGIVABLE 4.2oz SPY EDP W,54.00,40.00
1, W- VERSACE BRIGHT CRYSTAL ABSOLU 3.0oz SPY EDP W,54.00,40.00
1, W- VERSACE CRYSTAL NOIR 3.0oz SPY EDT W,54.00,40.00
1, W- VERSACE VERSENSE 3.4oz SPY EDT W,54.00,40.00
1, W- VERSACE VERSUS 3.4zo SPY EDT W,54.00,40.00
1, W- VERSACE YELLOW DIAMOND 3.0oz SPY EDT W,54.00,40.00
1, W- VERSACE YELLOW DIAMOND INTENSE 3.0oz SPY EDP W,54.00,40.00
1, W- BOUCHERON JAIPUR BRACELET 3.4oz EDP SPY WOMEN,59.00,45.00
1, W- CACHAREL AMOR AMOR LEAU 3.4oz SPY EDT W,59.00,45.00
1, W- CACHAREL CATCH ME 2.7oz SPY EDP W,59.00,45.00
1, W- CLINIQUE SIMPLY 3.4oz SPY EDP W,59.00,45.00
1, W- COACH POPPY FLOWER 3.4oz SPY EDP W,59.00,45.00
1, W- DKNY BE DELICIOUS SKIN HYDRATING GREEN 3.4oz SPY EDT W,59.00,45.00
1, W- DOLCE GABBANA LIGHT BLUE DREAMING IN PORTOFINO 3.3oz SPY EDT W,59.00,45.00
1, W- DOLCE GABBANA THE ONE 2.5oz SPY EDP W,59.00,45.00
1, W- DOLCE GABBANA THE ONE DESIRE 2.5oz SPY EDP W,59.00,45.00
1, W- DOLCE GABBANA THE ONE LEAU 2.5oz SPY EDT W,59.00,45.00
1, W- DOLCE GABBANA THE ONE ROSE 2.5oz SPY EDP W,59.00,45.00
1, W- ESCADA SEXY GRAFFITI 3.3oz SPY EDT W,59.00,45.00
1, W- FENDI FAN DI FENDI EAU FRAICHE 2.5oz SPY  W,59.00,45.00
1, W- GIVENCHY AMARIGE 3.3oz SPY EDT W,59.00,45.00
1, W- GIVENCHY ANGE OU DEMON 3.4oz SPY EDP W,59.00,45.00
1, W- GIVENCHY ORGANZA 3.3oz SPY EDP W,59.00,45.00
1, W- GIVENCHY VERY IRRESISTIBLE ELECTRIC ROSE 2.5oz SPY EDT W,59.00,45.00
1, W- GIVENCHY YSATIS 3.4oz SPY EDT W,59.00,45.00
1, W- GUCCI by GUCCI 2.5oz SPY EDT W (PINK),59.00,45.00
1, W- GUCCI FLORA 2.5oz SPY EDT W,59.00,45.00
1, W- GUCCI FLORA GLAMOROUS MANDARIN 3.3oz SPY EDT W,59.00,45.00
1, W- GUCCI GUILTY INTENSE 2.5oz SPY EDP W,59.00,45.00
1, W- GUCCI PREMIERE 2.5oz SPY EDT W,59.00,45.00
1, W- GUCCI RUSH 2.5oz SPY EDT W,59.00,45.00
1, W- GUERLAIN MITSOUKO 2.5oz SPY EDP W,59.00,45.00
1, W- ISSEY MIYAKE LEAU DISSEY 3.4oz SPY EDT W,59.00,45.00
1, W- JEAN PAUL GAULTIER 2 4.0oz SPY EDP W,59.00,45.00
1, W- JEAN PAUL GAULTIER SAILOR GIRL 3.4oz SPY EDT W,59.00,45.00
1, W- JUICY COUTURE VIVA LA JUICY 3.4oz SPY EDP W,59.00,45.00
1, W- KENZO FLOWER 3.4oz SPY EDP,59.00,45.00
1, W- KENZO FLOWER 3.4oz SPY EDT W,59.00,45.00
1, W- LANCOME CONNECTION 3.4oz SPY EDP W,59.00,45.00
1, W- MARC JACOBS DAISY 3.4oz SPY EDT W,59.00,45.00
1, W- MARC JACOBS DAISY DREAM 3.4oz SPY EDT W,59.00,45.00
1, W- MARC JACOBS LOLA 3.4oz SPY EDP W,59.00,45.00
1, W- RALPH LAUREN RALPH 3.4oz SPY W,59.00,45.00
1, W- YSL CINEMA 3.0oz SPY EDP W,59.00,45.00
1, W- YSL SAHARIENNE 4.2oz SPY EDT W,59.00,45.00
1, W- CAROLINA HERRERA 212 3.4oz SPY EDP W,62.00,48.00
1, W- CLINIQUE HAPPY CLINIQUE 3.4oz SPY EDP W,62.00,48.00
1, W- CLINIQUE HAPPY HEART 3.4oz SPY EDP W,62.00,48.00
1, W- DKNY BE DELICIOUS FRESH BLOSSOM 3.4oz SPY EDP W,62.00,48.00
1, W- DKNY BE DELICIOUS GOLDEN 3.4 SPY EDP W,62.00,48.00
1, W- DKNY CASHMERE MIST 3.4oz SPY EDT W,62.00,48.00
1, W- GUERLAIN CHAMPS ELYSESS 2.5oz SPY EDP W,62.00,48.00
1, W- GUERLAIN INSOLENCE 3.4oz SPY EDT W,62.00,48.00
1, W- GUERLAIN LINSTANT 2.7oz SPY EDT W,62.00,48.00
1, W- GUERLAIN MY INSOLENCE 3.4oz SPY EDT W,62.00,48.00
1, W- JEAN PAUL GAULTIER 3.4oz SPY EDT W,62.00,48.00
1, W- LANCOME MAGIE NOIRE 2.5oz SPY EDT W,62.00,48.00
1, W- MARC JACOBS DOT 3.4oz SPY EDP W,62.00,48.00
1, W- MARC JACOBS DOT HONEY 3.4oz SPY EDP W,62.00,48.00
1, W- MARC JACOBS OH LOLA 3.4oz SPY EDP W,62.00,48.00
1, W- CAROLINA HERRERA 212 VIP 2.7oz SPY EDP W,64.00,50.00
1, W- GIORGIO ARMANI ACQUA DI GIOIA 3.4oz SPY EDP W,64.00,50.00
1, W- GIORGIO ARMANI ACQUA DI GIOIA EAU FRAICHE 3.4oz SPY EDT W,64.00,50.00
1, W- GUERLAIN LA PETITE ROBE NOIR 3.3oz SPY EDT W,64.00,50.00
1, W- ISSEY MIYAKE A SCENT3.4oz SPY EDT W,64.00,50.00
1, W- LANCOME TRESOR IN LOVE 2.5oz SPY EDP W,64.00,50.00
1, W- PACO RABANNE LADY MILLON 2.7oz SPY EDT W,64.00,50.00
1, W- PALOMA PICASSO 3.4oz SPY EDP W,64.00,50.00
1, W- YSL BELLE D OPIUM 3.0oz SPY EDP W,64.00,50.00
1, W- BALENCIAGA LESSENCE 2.5oz SPY EDP W,69.00,55.00
1, W- CAROLINA HERRERA 212 H2O 3.4oz SPY EDT W,69.00,55.00
1, W- CHLOE by CHLOE 2.5oz SPY EDP W NEW!,69.00,55.00
1, W- ESTEE LAUDER BEAUTIFUL 2.5oz SPY EDP W,69.00,55.00
1, W- ESTEE LAUDER KNOWING 2.5oz  SPY EDP W,69.00,55.00
1, W- ESTEE LAUDER PLEASURES 3.4oz SPY EDP W,69.00,55.00
1, W- GIORGIO ARMANI ARMANI CODE LUNA EAU SENSUELLE 2.5oz SPY EDT W,69.00,55.00
1, W- GIORGIO ARMANI ARMANI CODE 2.5oz SPY EDP W,69.00,55.00
1, W- GIORGIO ARMANI EMPORIO 3.4oz SPY EDP W,69.00,55.00
1, W- GIVENCHY DAHLIA NOIR LEAU 4.2oz SPY EDT,69.00,55.00
1, W- ISSEY MIYAKE LEAU DISSEY MIYAKE SUMMER GREEN 3.4OZ SPY EDT W,69.00,55.00
1, W- ISSEY MIYAKE LEAU DISSEY MIYAKE SUMMER ORANGE 3.4oz SPY EDT W,69.00,55.00
1, W- LANCOME HYPNOSE 2.5oz SPY EDP W,69.00,55.00
1, W- LANCOME MIRACLE 3.4oz SPY EDP W,69.00,55.00
1, W- LANCOME TRESOR EDP 3.4 SPY,69.00,55.00
1, W- MARC JACOBS DAISY EAU SO FRESH 4.2oz SPY EDT W,69.00,55.00
1, W- RALPH LAUREN POLO SPORT 5.1 SPY EDT W,69.00,55.00
1, W- RALPH LAUREN ROMANCE 3.4oz SPY EDP W,69.00,55.00
1, W- THIERRY MUGLER ANGEL 1.7oz SPY EDP W,69.00,55.00
1, W- YSL OPIUM 3.0oz  SPY EDT W,69.00,55.00
1, W- YSL PARIS 4.2oz SPY EDT W,69.00,55.00
1, W- DOLCE GABBANA LIGHT BLUE 3.3oz SPY EDT W,72.00,58.00
1, W- ESTEE LAUDER BEYOND PARADISE 3.4oz SPY EDP W,72.00,58.00
1, W- ESTEE LAUDER INTUITION 3.4oz  SPY EDP W,72.00,58.00
1, W- ESTEE LAUDER PLEASURES INTENSE SPY EDP W,72.00,58.00
1, W- ESTEE LAUDER PURE WHITE LINEN 3.4oz SPY EDP W,72.00,58.00
1, W- ESTEE LAUDER TUSCANY DONNA 3.4oz SPY EDP W,72.00,58.00
1, W- GIVENCHY HOT COUTURE 3.4 SPY EDP W,72.00,58.00
1, W- LANCOME POEME 3.4oz SPY EDP W,72.00,58.00
1, W- QUELQUES FLEURS 3.4 SPY EDP W,72.00,58.00
1, W- RALPH LAUREN SAFARI 2.5oz SPY EDP W,72.00,58.00
1, W- ESTEE LAUDER MODERN MUSE 3.4oz SPY EDP W,74.00,60.00
1, W- ESTEE LAUDER SENSUOUS NUDE 3.4oz SPY EDP W,74.00,60.00
1," W- NARCISO RODRIGUEZ 3.4oz SPY EDT W (Pink Box,Black Bottle)",74.00,60.00
1, W- PRADA CANDY 2.7oz SPT EDP W,74.00,60.00
1, W- LANCOME LA VIE EST BELLE 3.4oz SPY EDT W,79.00,65.00
1," W- NARCISO RODRIGUEZ 3.4oz SPY EDP W (Black Box, Pink Bottle)",79.00,65.00
1, W- THIERRY MUGLER ALIEN SUNESSENCE 2.0oz SPY EDT W,79.00,65.00
1, W- CHRISTIAN DIOR DOLCE VITA 3.4oz SPY  EDT W,82.00,68.00
1, W- GIORGIO ARMANI Si 3.4oz SPY EDP W,89.00,75.00
1, W- GIORGIO ARMANI Si 3.4oz SPY EDT W,89.00,75.00
1, W- HERMES EAU D ORANGE VERTE 3.3oz SPY EDT W,89.00,75.00
1, W- HERMES PAMPLEMOUSSE ROSE 3.4oz SPY EDC W,89.00,75.00
1, W- HERMES UN JARDIN SUR LE NIL 3.4oz SPY EDT W,89.00,75.00
1, W- CHRISTIAN DIOR MISS DIOR 3.4oz SPY EDT W,94.00,80.00
1, W- CHRISTIAN DIOR POISON 3.4oz SPY EDT W,94.00,80.00
1, W- CHRISTIAN DIOR POISON HYPNOTIC 3.4oz SPY EDT W,94.00,80.00
1, W-SET SENSATIONAL SPY,16.00,2.00
1, W-SET LAMIS GARDEN OF CREATION (4pcs) 3.4oz SPY EDP + 5.0oz DEODORANT SPY + TEDDY BEAR + LUNCH BOX,19.00,5.00
1, W-SET SET DORALL VARIOUS W,19.00,5.00
1, W-SET CUBA (4pcs) 4 PERFUME BOTTLE 1.17ozSPY W,22.00,8.00
1, W-SET REMY LATOUR LUNE D ETE (2pcs) 1.6oz SPY EDP + 5.0oz DEODORANT SPY W,22.00,8.00
1, W-SET GUSSI CHARM (4pcs) 3.3oz SPY EDP + 0.5oz SPY EDP + 6.7oz BODY LOTION + 6.7oz SHOWER GEL W,24.00,10.00
1, W-SET STAR (4pcs) 1.7oz SPY EDP + .67oz SPY EDP  + 5.0oz BODY LOTION + 5.0oz SHOWER GEL W,24.00,10.00
1, W-SET VANILLA FIELDS (2pcs) 2.0oz SPT EDC + 1.0oz SPY EDC W,24.00,10.00
1, W-SET YVES DE SISTELLE TENDER KISS (2pcs) 3.3oz SPY EDP + 3.3oz BODY LOTION W,25.00,11.00
1, W-SET YVES DE SISTELLE by INCIDENCE (2pcs) 3.3oz SPY EDP + 3.3oz BODY LOTION W (MADE IN FRANCE),26.00,12.00
1, W-SET ELIZABETH ARDEN SPLENDOR (2pcs) 4.2oz SPY EDP + 3.3oz BODY LOTION W,28.00,14.00
1, W-SET BETTY BOOP (4pcs) 2.55oz SPY EDP + 3.4oz BUBBLE BATH + 3.4oz BODY LOTION AND HAND BAG GIRLS,29.00,15.00
1, W-SET ELIZABETH TAYLOR DIAMONDS & EMERALDS (2pcs) 3.4oz SPY EDT + 3.3oz BODY LOTION W,29.00,15.00
1, W-SET ELIZABETH TAYLOR DIAMONDS & RUBIES (2pcs) 3.4oz SPY EDT + 3.3oz BODY LOTION W,29.00,15.00
1, W-SET ELIZABETH TAYLOR DIAMONDS & SAPPHIRES (2pcs) 3.4oz SPY EDT + 3.3oz BODY LOTION W,29.00,15.00
1, W-SET MICAELANGELO ATLANTIDE (3pcs) 3.3oz SPY EDP + 5.0oz BODY LOTION + 5.0oz SHOWER GEL W,29.00,15.00
1, W-SET MICAELANGELO AURORA (4pcs) 4 PERFUME BOTTLE 2.4oz SPY EDT W,29.00,15.00
1, W-SET PARIS HILTON PASSPORT ST. MORITZ (3pcs) 3.4oz SPY EDT + 0.25oz SPY EDT + 4.0oz BODY LOTION W,29.00,15.00
1, W-SET BILL BLASS BASIC BLACK (3pcs) 3.4oz SPY EDP+6.8oz B.L. +6.8oz HAND CREAM W,32.00,18.00
1, W-SET CABOTINE (2pcs) 3.4oz SPY EDT + 6.76oz PERFUMED BODY LOTION W,32.00,18.00
1, W-SET DELICIOUS GALE HAYMANS BEVELRY HILLS (3pcs) 3.4oz SPY EDT+ 3.3oz BODY LOTION + 3.3oz SHOWER GEL W,32.00,18.00
1, W-SET ELIZABETH ARDEN TRUE LOVE (3pcs) 3.3oz SPY EDT + 3.3oz BODY LOTION + 3.3oz SHOWER GEL W,32.00,18.00
1, W-SET HALSTON (2pcs) 3.4pz SPY EDC + 4.2oz BODY LOTION,32.00,18.00
1, W-SET JESSICA SIMPSON FANCY NIGHTS (3pcs) 3.4oz SPY EDP + .25oz SPL EDP + 3.0oz BODY LOTION W,32.00,18.00
1, W-SET MADONNA TRUTH OR DARE NAKED (2pcs) 2.5oz SPY EDP + 6.7oz BODY LOTION,32.00,18.00
1, W-SET NICOLE RICHIE NICOLE (4pcs) 3.4oz SPY EDP + 0.34oz ROLL-ON EDP + 3.4oz BODY LOTION + 3.4oz SHOWER GEL W,32.00,18.00
1, W-SET QUEEN by QUEEN LATIFAH (3pcs) 3.4oz SPY EDP+3.0oz B.L + 3.0oz BODY BUTTER W,32.00,18.00
1, W-SET ELIZABETH ARDEN ARDEN BEAUTY (2pcs) 3.3oz SPY EDP + 3.3oz BODY LOTION W,34.00,20.00
1, W-SET ELIZABETH ARDEN GREEN TEA (4pcs) 3.3oz SPY EDT + 3.3oz BODY LOTION + 3.3oz SHOWER GEL +0.12oz EDP W,34.00,20.00
1, W-SET ELIZABETH TAYLOR PASSION (3pcs) 2.5oz SPY DEP + .12oz SPL EDP + 6.8oz PERFUMED BODY LOTION W,34.00,20.00
1, W-SET GIORGIO BEVERLY HILLS WINGS (2pcs) 3.0oz SPY EDT+ 3.4oz BODY LOTION W,34.00,20.00
1, W-SET LIZ CLAIBORNE LIZ SPORT (3pcs) 3.4oz SPY EDT 3.4oz B.L+3.4oz S.G W,34.00,20.00
1, W-SET LIZ CLAIBORNE BORA BORA (3pcs) 3.4oz SPY EDP+ 3.4oz B.L + 3.4oz S.G W,34.00,20.00
1, W-SET LIZ CLAIBORNE MAMBO (3pcs) 3.4oz SPY EDP + 3.4oz BODY LOTION + 3.4oz SHOWER GEL W,34.00,20.00
1, W-SET PAUL SEBASTIAN DESING (2pcs) 3.4oz SPY EDP + 6.8oz BODY LOTION W,34.00,20.00
1, W-SET SHAKIRA ELIXIR (2pcs) 2.7oz SPY EDT + 3.4oz BODY LOTION W,34.00,20.00
1, W-SET WHITE SHOULDERS (3pcs) 4.5oz SPY EDC + 0.25oz SPL EDP + 3.3oz BODY LOTION W,34.00,20.00
1, W-SET PERRY ELLIS 360 (4pcs) 3.4oz SPY EDT+0.25oz SPY EDT+3.0oz BODY LOTION +3.0oz SHOWER GEL W,37.00,23.00
1, W-SET PERRY ELLIS 360 PINK (4pcs) 3.4oz SPY EDP + .25oz SPY EDP + 3.0oz BODY LOTION + 3.0oz SHOWER GEL W,37.00,23.00
1, W-SET PERRY ELLIS HER (4pcs) 4.2oz SPY EDP + .25oz SPY EDP + 3.0oz SHOWER GEL + 3.0oz BODY LOTION W,37.00,23.00
1, W-SET PERRY ELLIS WOMAN (4pcs) 4.2oz SPY EDP + .25oz SPY EDP + 3.0oz SHOWER GEL + 3.0oz BODY LOTION W,37.00,23.00
1, W-SET ALFRED SUNG SUNG (3pcs) 3.4oz SPY EDT + 2.5oz BODY LOTION + 2.5oz SHOWER GEL W,38.00,24.00
1, W-SET ADRIENNE VITTADINI AV (3pcs) 3.0oz SPY EDP + 3.3oz BODY LOTION + 3.3oz SHOWER GEL W,39.00,25.00
1, W-SET BRITNEY SPEARS FANTASY MIDNIGHT (2pcs) 3.3oz SPY EDP + 3.3oz BODT LOTION W,39.00,25.00
1, W-SET GIORGIO BEVERLY HILLS GIORGIO RED (2pcs) 3.0oz SPY EDT + 6.8oz BODY LOTION W,39.00,25.00
1," W-SET GIORGIO BEVERLY HILLS GIORGIO"" (2pcs) 3.0oz SPY EDT + 6.8oz BODY LOTION W",39.00,25.00
1, W-SET GIVENCHY EXTRAVAGANCE ICE CREAM (2pcs) 3.3oz SPY EDP + 3.3oz SPY BODY LOTION W,39.00,25.00
1, W-SET JESSICA McCLINTOCK (2pcs) 3.4oz SPY EDP + 5.0oz BODY LOTION W,39.00,25.00
1, W-SET JESSICA SIMPSON FANCY (4pcs) 3.4oz SPY EDP + 0.34oz SPY EDP + 3.0oz BODY LOTION + 3.0oz SHOWER GEL W,39.00,25.00
1, W-SET JESSICA SIMPSON FANCY LOVE (3pcs) 3.4oz SPY EDP+3.0oz B.L+3.0S.G W,39.00,25.00
1, W-SET JESSICA SIMPSON I FANCY YOU (4pcs) 3.4oz SPY EDP + 0.34oz SPY EDP + 3.0oz BODY LOTION + HEART NECKLACE W,39.00,25.00
1, W-SET JESUS DEL POZO ON (3pcs) 3.4oz SPY EDT + 3.4oz BODY LOTION + 3.4oz SHOWER GEL W,39.00,25.00
1, W-SET KATTY PERRY KILLER QUEEN (4pcs) 3.4oz SPY EDP+ 0.34oz ROLLERBALL EDP +2.5oz BODY LOTION + 2.5oz SHOWER GEL W,39.00,25.00
1, W-SET MARIAH CAREY FOREVER (2pcs) 3.3oz SPY EDP + 6.8oz BODY LOTION W,39.00,25.00
1, W-SET MOSCHINO CHEAP & CHIC (3pcs) 1.7oz SPY EDP +3.4oz BODY LOTION + 3.4oz SHOWER GEL  W,39.00,25.00
1," W-SET ORO by PAULINA RUBIO  2pcs (W) 3.4 EDP SPY + 6.7 BODY LOTION, ORGANZA COVERED, GOLD METAL GIFT BOX..",39.00,25.00
1, W-SET PARIS HILTON DAZZLE (4pcs) 4.2oz SPY EDP +3.0oz B.L+ 3.0oz S.G+.10ml EDP W,39.00,25.00
1, W-SET PERRY ELLIS 18 (4pcs) 3.4oz SPY EDT+0.25oz SPY EDT+2.75oz BODY LOTION +3.0oz SHOWER GEL W,39.00,25.00
1, W-SET PERRY ELLIS 18 SENSUAL (4pcs) 3.4oz SPY EDP+0.25oz SPY EDP+2.75oz BODY LOTION +3.0oz SHOWER GEL W,39.00,25.00
1, W-SET PERRY ELLIS F (4pcs) 3.4oz SPY EDP + .25oz SPY EDP + 3.0oz SHOWER GEL + 3.0oz BODY LOTION W,39.00,25.00
1, W-SET PITBULL (3pcs) 3.4oz SPY EDT + 3.4oz S.G + 3.4oz B.L W,39.00,25.00
1, W-SET RIHANNA NUDE (3pcs) 3.4oz SPY EDP + 3.0oz BODY LOTION + 0.34 SPY EDP W,39.00,25.00
1, W-SET RIHANNA REBELLE(4pcs) 3.4oz SPY EDP + .34oz SPY EDP + 3.0oz BODY LOTION + 3.0oz SHOWER GEL W,39.00,25.00
1, W-SET RIHANNA ROGUE (3pcs) 3.4oz SPY EDP + ROLLERBALL EDP + 3.0oz BODY LOTION  W,39.00,25.00
1, W-SET SELENA GOMEZ VIVAMORE (4pcs) 3.4oz SPY EDP + .5oz SPY EDP 4.0oz BODY LOTION + 4.0oz SHOWER GEL W,39.00,25.00
1, W-SET SHAKIRA S EAU FLORALE (3pcs) 2.7oz SPY EDT + 3.4oz BODY LOTION + 0.5oz LIP BALM W,39.00,25.00
1, W-SET ANIMALE (3pcs) 3.3oz SPY EDP + 6.8oz BODY LOTION + 6.8oz SHOWER GEL W,42.00,28.00
1, W-SET BEBE SHEER 3.4oz SPY EDP W,42.00,28.00
1, W-SET BETSY JHONSON (2pcs) 3.4oz SPY EDP 6.7oz B.LW,42.00,28.00
1, W-SET ELIZABETH ARDEN 5th AVENUE (3pcs) 4.2oz SPY EDP + 0.12oz SPL EDP + 3.3oz BODY LOTION W,42.00,28.00
1, W-SET HALLOWEEN by JESUS DEL POZO (4pcs) 3.4oz SPY EDT + 1.7oz BODY LOTION + 1.7oz SHOWER GEL+ 0.15oz SPL EDT W,42.00,28.00
1, W-SET J-LO LIVE (2pcs) 3.4oz SPY EDP + 6.8oz SHOWER GEL W,42.00,28.00
1, W-SET J-LO LIVE LUXE (2pcs) 3.4oz SPY EDP + 6.7oz BODY LOTION W,42.00,28.00
1, W-SET PARIS HILTON (4pcs) 3.4oz SPY EDP + 0.34oz SPY EDP +3.0oz BODY LOTION + 3.0oz SHOWER GEL W,42.00,28.00
1, W-SET PERRY ELLIS NEW (3pcs) 3.4oz SPY EDP + 3.0oz BODY LOTION + 3.0oz SHOWER GEL W,42.00,28.00
1, W-SET SHAKIRA S (2pcs) 2.7oz SPY EDT + 3.4oz BODY LOTION W,42.00,28.00
1, W-SET CALVIN KLEIN DOWNTOWN (3pcs) 3.0oz SPY EDP + 3.4oz B.L+0.33oz SPY EDP,48.00,30.00
1, W-SET DAVIDOFF COOL WATER (3pcs) 3.4 SPY EDT +  2.5oz BODY LOTION + 2.5oz SHOWER GEL W,48.00,30.00
1, W-SET ED HARDY (4pcs) 3.4oz SPY EDP + 0.25oz SPY EDP+ 4.2oz BODY LOTION + 4.2oz SHOWER GEL W,48.00,30.00
1, W-SET ELIZABETH TAYLOR WHITE DIAMOND (4pcs) 3.4oz SPY EDT + .5oz SPY EDP + 1.7oz BODY WASH + 1.7oz BODY CREAM W,48.00,30.00
1, W-SET J-LO STILL (2pcs) 3.4oz SPY EDP + 6.7oz BODY LOTION W,48.00,30.00
1, W-SET BRITNEY SPEARS FANTASY (3pcs) 3.3oz SPY EDP+3.4oz BODY LOTION+3.4oz SHOWER GEL,53.00,35.00
1, W-SET CACHAREL LIBERTE (2pcs) 1.7oz SPY EDP + 3.4oz BODY LOTION W,53.00,35.00
1, W-SET CALVIN KLEIN CK ONE SCHOCK (2pcs) 6.7oz SPY EDT + 3.4oz BODY LOTION W,53.00,35.00
1, W-SET CALVIN KLEIN ETERNITY AQUA (3pcs ) 3.4oz SPY EDP + 6.7oz B.L. + 10ml ROLLER PERFUME W,53.00,35.00
1, W-SET CALVIN KLEIN EUPHORIA ENDLESS (3pcs) 4.2oz SPY EDP + 3.4oz B.L+0.5oz SPY EDP W,53.00,35.00
1, W-SET JIVAGO 24K (4pcs) 1.7oz SPY EDP +4.2oz B.L+4.2oz B.C+4.2oz S.G,53.00,35.00
1, W-SET LANVIN RUMEUR (3pcs) 3.3oz SPY EDP + 3.3oz SHOWER GEL + 3.3oz BODY LOTION W,53.00,35.00
1, W-SET MONT BLANC PRESENCE (3pcs) 2.5oz SPY EDT + 3.3oz BODY LOTION + 3.3oz SHOWER GEL W,56.00,38.00
1, W-SET OSCAR DE LA RENTA (3pcs) 3.3oz SPY EDT+3.4oz BODY LOTION + 3.4oz BODY WASH W (HARD BOX),56.00,38.00
1, W-SET CALVIN KLEIN ETERNITY 3.4oz SPY EDP -6.7 BL- MINI  W (3pcs ),58.00,40.00
1, W-SET CALVIN KLEIN OBSESSION  3.4oz SPY EDP W,58.00,40.00
1, W-SET PALOMA PICASSO (2pcs) 1.7oz SPY EDP + 6.7oz BODY LOTION W,58.00,40.00
1, W-SET VERA WANG (4pcs) 3.4oz SPY EDP+3.4oz B.L +3.4oz S.G+ 4ml EDP W,58.00,40.00
1, W-SET VINCE CAMUTO FEMME (3pcs) 3.4oz SPY EDP + .25oz EDP +5.0oz BODY LOTION W,58.00,40.00
1, W-SET BURBERRY BRIT RHYTHM (3pcs) 3.0oz EDP + 0.25oz SPY EDP+1.6oz B.L W,63.00,45.00
1, W-SET BURBERRY WEEKEND (3pcs) 3.4oz SPY EDP + 3.4oz BODY LOTION + 3.4oz SHOWER GEL W,63.00,45.00
1, W-SET CACHAREL ANAIS ANAIS (3pcs) 3.4oz SPY EDT + 1.7oz B.L + 1.7oz S.G W,63.00,45.00
1, W-SET CALVIN KLEIN EUPHORIA (3pcs) 3.4oz SPY EDP+6.7oz B.L +BAG,69.00,45.00
1, W-SET CHLOE SEE (3pcs) 2.5oz SPY EDP+2.5oz B.L + 2.5oz S.G W,63.00,45.00
1, W-SET NINA RICCI LAIR DU TEMPS (3pcs) 3.4oz SPY EDT+ 3.4oz BODY LOTION+ 4ml EDT,63.00,45.00
1, W-SET THIERRY MUGLER ANGEL INNOCENT (3pcs) 1.7oz SPY EDP + 3.3oz BODY MILK + COSMETIC BAG W,63.00,45.00
1, W-SET CALVIN KLEIN EUPHORIA FORBIDDEN (3pcs) 3.4oz SPY EDP+3.4oz B.L+0.5 SPY EDP W,66.00,48.00
1, W-SET SEAN JOHNN UNFORGIVABLE (3pcs) 4.2oz SPY EDP 3.4oz S.G + 3.4oz B.L W,66.00,48.00
1, W-SET SEAN JOHNN EMPRESS (2pcs) 3.4oz SPY EDP + 6.7oz BODY LOTION W,68.00,50.00
1, W-SET VERSACE VANITAS (3pcs) 3.4oz SPY EDT + 3.4oz B.L.+BRAND NAME COSMETIC BAG W,68.00,50.00
1, W-SET VERSACE VERSENSE (3pcs) 3.4oz SPY EDT + 3.4oz B.L.+NAME COSMETIC BAG W,68.00,50.00
1, W-SET VERSACE YELLOW DIAMON (3pcs) 3.0oz SPY EDT + 3.4oz B.L.+BRAND NAME COSMETIC BAG W,68.00,50.00
1,W-SET VERSACE BRIGHT CRYSTAL ,65.00,
1, W-SET DOLCE & GABBANA LIGHT BLUE (3pcs) 3.4oz SPY EDT SPY  + 3.3oz BODY LOTION + 0.25oz SPY EDT,73.00,55.00
1, W-SET GIVENCHY AMARIGE (3pcs) 3.4oz SPY EDT+2.5oz BODY LOTION+2.5oz SHIWER GEL W,73.00,55.00
1, W-SET GIVENCHY ORGANZA (3pcs) 3.3oz SPY EDP+2.5oz BODY LOTION+2.5oz SHOWER GEL W,73.00,55.00
1, W-SET ISSEY MIYAKE (3pcs) 3.4oz SPY EDT+ 2.5oz BODY LOTION+ 1.0oz S.G W,73.00,55.00
1, W-SET MARC JACOBS DOT (3pcs) 3.4oz SPY EDP + 0.13oz SPL EDP + 5.1oz BODY LOTION W,73.00,55.00
1, W-SET PACO RABANNE LADY MILLON (2pcs) 2.7oz SPY EDP+ 1 KIT OF ADHESIVE LETTERS W,73.00,55.00
1, W-SET PRADA MILLANO INFUSION DIRIS (3pcs) 3.4oz SPY EDT+3.4oz B.L+BRAND NAME COSMETIC BAG W,73.00,55.00
1, W-SET VERSACE CRYSTIAL NOIR (3pcs) 3.4oz SPY EDP +1.0oz SPY EDT+ COSMETIC BAG +W,73.00,55.00
1,M- 4711 27.0 OZ SPL,49.00,35.00
1,M- ADIDAS EXTREME POWER 3.4oz SPY EDT M,19.00,5.00
1,M- ADIDAS FRESH IMPACT 3.4oz SPY EDT M,19.00,5.00
1,M- ADIDAS INTENSE TOUCH 3.4oz SPY EDT M,19.00,5.00
1,M- ADIDAS PURE GAME 3.4oz SPY EDT M,19.00,5.00
1,M- ADIDAS TEAM FORCE 3.4oz SPY EDT M,19.00,5.00
1,M- ADIDAS VICTORY LEAGUE 3.4OZ SPY M,19.00,5.00
1,M- AGUA BRAVA 11.3oz SPY EDT,39.00,25.00
1,M- AGUA BRAVA 6.8 oz SPY EDP,32.00,18.00
1,M- ALFRED SUNG SUNG 3.4oz SPY EDT M,29.00,15.00
1,M- ALFRED SUNG HEI 3.4oz SPY EDT M,30.00,16.00
1,M- ALFRED SUNG PARADISE 3.4oz SPY EDT M,29.00,15.00
1,M- ANIMALE ANIMALE 3.4 SPY EDT M,32.00,18.00
1,M- ANIMALE AZUL 3.4OZ SPY M,32.00,18.00
1,M- ANIMALE SPORT 3.4oz SPY EDT MEN,34.00,20.00
1,M- ANTONIO BANDERAS BLUE ELECTRIC SEDUCTION 3.4oz SPY EDT M,34.00,20.00
1,M- ANTONIO BANDERAS COCKTAIL SEDUCTION BLUE 3.4oz SPY EDT M,34.00,20.00
1,M- ANTONIO BANDERAS COCKTAIL SEDUCTION IN BLACK 3.4oz SPY EDT M,34.00,20.00
1,M- ANTONIO BANDERAS DIAVOLO 6.7oz SPY EDT MEN,34.00,20.00
1,M- ANTONIO BANDERAS MEDITERRANEO 3.4oz SPY EDT M,29.00,15.00
1,M- ANTONIO BANDERAS SEDUCTION IN BLACK 6.8oz SPY EDT M,44.00,30.00
1,M- ANTONIO BANDERAS THE GOLDEN SECRET 6.7oz SPY EDT M,39.00,25.00
1,M- ANTONIO BANDERAS THE SECRET 3.4oz SPY EDT M,32.00,18.00
1,M- AQUA DI SELVA 3.4 SPY EDC M,29.00,15.00
1,M- ARMAF EDITION ONE 3.4oz SPY EDT M,29.00,15.00
1,M- ARMAF TAG HIM 3.4oz SPY EDT M,29.00,15.00
1,M- ASPEN 4.0oz SPY MEN,22.00,8.00
1,M- AXIS BLUE 3.oz SPY EDT MEN,24.00,10.00
1,M- AXIS CAVIAR BLACK 3.0oz SPY EDT M,24.00,10.00
1,M- AXIS CAVIAR GRAND PRIX BLACK 3.0 SPY EDT M,24.00,10.00
1,M- AXIS CAVIAR GRAND PRIX RED 3.0 SPY EDT MEN,24.00,10.00
1,M- AXIS CAVIAR OUD 3.0oz SPY EDT MEN,24.00,10.00
1,M- AXIS CAVIAR ULTIMATE 3.0oz SPY EDT M,24.00,10.00
1,M- AZZARO 6.8oz SPY M,52.00,38.00
1,M- AZZARO CHROME 3.3oz EDT SPY M,39.00,25.00
1,M- AZZARO CHROME 6.8oz SPY EDT M,49.00,35.00
1,M- AZZARO CHROME LEGEND 4.2oz SPY EDT M,39.00,25.00
1,M- AZZARO CHROME SPORT 3.4oz SPY EDT M,39.00,25.00
1,M- AZZARO CHROME SUMMER 3.3oz EDT SPY M,42.00,28.00
1,M- AZZARO CHROME UNITED 3.4oz EDT SPY M,39.00,25.00
1,M- AZZARO DECIBEL 3.4oz SPY EDT MEN,44.00,30.00
1,M- AZZARO ELIXIR 3.4 SPY EDT MEN,42.00,28.00
1,M- AZZARO LEAU by AZZARO 3.4oz SPY EDT M,44.00,30.00
1,M- AZZARO NOW 2.7oz  SPY EDT M,42.00,28.00
1,M- AZZARO POUR HOMME 3.4 SPY EDT MEN,39.00,25.00
1,M- AZZARO SILVER BLACK 3.4OZ SPY M,42.00,28.00
1,M- BENETTON B UNITED 3.4oz SPY EDT,24.00,10.00
1,M- BENETTON COLD 3.4oz SPY EDT M,24.00,10.00
1,M- BENETTON COLORS 3.4oz SPY EDT M,24.00,10.00
1,M- BENETTON NERO 3.4oz SPY EDT M,24.00,10.00
1,M- BENETTON PARADISO INFERNO 3.4 SPY EDT M,29.00,15.00
1,M- BENETTON VERDE 3.4oz SPY EDT M,24.00,10.00
1,M- BIJAN 2.5 SPY EDT MEN,29.00,15.00
1,M- BOUCHERON 3.3oz SPY EDT M,44.00,30.00
1,M- BOUCHERON JAIPUR 3.4 SPY EDT MEN,49.00,35.00
1,M- BOUCHERON PARFUMS DE JOAILLIER 3.3oz SPY EDT M,49.00,35.00
1,M- BRUT (CLASSIC) 25.6oz SPY EDC,44.00,30.00
1,M- BRUT (CLASSIC) 3.0 SPY EDC,24.00,10.00
1,M- BRUT BLACK 3.0 SPY EDC,24.00,10.00
1,M- BRUT BLUE 3.0 SPY EDC,24.00,10.00
1,M- BURBERRY 3.4oz SPY EDT M,42.00,28.00
1,M- BURBERRY BRIT 3.4oz SPY EDT M,42.00,28.00
1,M- BURBERRY BRIT RHYTHM 3.0oz SPY EDT M,52.00,38.00
1,M- BURBERRY BRIT SUMMER 3.4 SPY EDT MEN,42.00,28.00
1,M- BURBERRY LONDON FABRIC 3.4oz  SPY EDT M,42.00,28.00
1,M- BURBERRY SUMMER 3.4OZ SPY MEN,44.00,30.00
1,M- BURBERRY THE BEAT 3.4oz SPY EDT M,44.00,30.00
1,M- BURBERRY TOUCH 3.4oz SPY EDT SPY M,42.00,28.00
1,M- BURBERRY WEEKEND 3.3oz  SPY EDT M,44.00,30.00
1,M- BVLGARI AQVA 3.4oz SPY EDT M,49.00,35.00
1,M- BVLGARI AQVA 5.0oz SPY EDT M,54.00,40.00
1,M- BVLGARI AQVA AMARA 3.4oz SPY EDT M,44.00,30.00
1,M- BVLGARI AQVA MARINE 3.4zo SPY EDT M,44.00,30.00
1,M- BVLGARI AQVA MARINE TONIQ 3.4zo SPY EDP M,52.00,38.00
1,M- BVLGARI AQVA TONIQ 3.4zo SPY EDP M,44.00,30.00
1,M- BVLGARI BLACK 2.5oz SPY EDP M,44.00,30.00
1,M- BVLGARI BLV 3.4 SPY EDT M,49.00,35.00
1,M- BVLGARI EXTREME 3.4oz SPY EDT M,44.00,30.00
1,M- BVLGARI MAN 3.4oz SPY EDT M,52.00,38.00
1,M- BVLGARI MAN EXTRENME 3.4oz SPY EDT M,44.00,30.00
1,M- BVLGARI POUR HOME 3.4oz SPY EDT M,44.00,30.00
1,M- BVLGARI SOIR 3.4oz  SPY EDT M,44.00,30.00
1,M- CAESARS 4.0 SPY  MEN,24.00,10.00
1,M- CAFE CAFE 3.4oz SPY M,22.00,8.00
1,M- CAFE CAFE PURO 3.4 SPY EDT M,23.00,9.00
1,M- CAFE CAFEINA 3.4oz SPY EDT MEN,22.00,8.00
1,M- CALVIN KLEIN CK BE 6.7oz SPY EDT M,42.00,28.00
1,M- CALVIN KLEIN CK FREE 3.4oz SPY EDT M,39.00,25.00
1,M- CALVIN KLEIN CK FREE ENERGY 3.4oz SPY EDT M,39.00,25.00
1,M- CALVIN KLEIN CK ONE 6.7oz SPY EDT M,39.00,25.00
1,M- CALVIN KLEIN CK ONE IN 2 U 5.0oz  SPY EDT M,42.00,28.00
1,M- CALVIN KLEIN CK ONE RED EDITION 3.4oz SPY EDT,39.00,25.00
1,M- CALVIN KLEIN CONTRADICTION 3.4oz SPY MEN,39.00,25.00
1,M- CALVIN KLEIN CRAVE 2.5oz SPY EDT M,34.00,20.00
1,M- CALVIN KLEIN ENCOUNTER 6.2oz SPY EDT M,52.00,38.00
1,M- CALVIN KLEIN ENCOUNTER FRESH 3.4oz SPY EDT M,42.00,28.00
1,M- CALVIN KLEIN ESCAPE 3.4oz SPY EDT M,39.00,25.00
1,M- CALVIN KLEIN ETERNITY 3.4oz SPY EDT M,44.00,30.00
1,M- CALVIN KLEIN ETERNITY 6.8oz SPY EDT M,54.00,40.00
1,M- CALVIN KLEIN ETERNITY AQUA 3.4oz SPY EDT M,42.00,28.00
1,M- CALVIN KLEIN ETERNITY AQUA 6.8oz SPY EDT M,54.00,40.00
1,M- CALVIN KLEIN ETERNITY SUMMER 3.4oz SPY EDT M,39.00,25.00
1,M- CALVIN KLEIN EUPHORIA 3.4oz SPY EDT M,39.00,25.00
1,M- CALVIN KLEIN MAN 3.4oz SPY EDT M,39.00,25.00
1,M- CALVIN KLEIN OBSESSION 4.0oz SPY EDT M,39.00,25.00
1,M- CALVIN KLEIN OBSESSION DARK 4.2oz SPY EDT M,49.00,35.00
1,M- CALVIN KLEIN OBSESSION NIGHT 4.0oz SPY EDT M,44.00,30.00
1,M- CALVIN KLEIN TRUTH 3.4oz SPY EDT M,42.00,28.00
1,M- CAPTURE 3.4 SPY EDT M,21.00,7.00
1,M- CARLO CORINTO 3.4oz SPY EDT,39.00,25.00
1,M- CARLO CORINTO 315 3.4 SPY EDT,39.00,25.00
1,M- CARLO CORINTO 6.7oz SPY EDT,52.00,38.00
1,M- CARLO CORINTO LInizio 3.3oz SPY EDT M,34.00,20.00
1,M- CARLO CORINTO ROUGE 3.4 SPY EDT M,39.00,25.00
1,M- CAROLINA HERRERA CH SPORT 3.4 oz SPY EDT M,49.00,35.00
1,M- CAROLINA HERRERA 212 3.4oz SPY EDT M,64.00,50.00
1,M- CAROLINA HERRERA 212 GLAM 3.4oz SPY EDT M,69.00,55.00
1,M- CAROLINA HERRERA 212 SEXY 3.4oz SPY EDT M,59.00,45.00
1,M- CAROLINA HERRERA 212 SURF 3.4oz SPY EDT M,64.00,50.00
1,M- CAROLINA HERRERA 212 VIP 3.4oz SPY EDT M,59.00,45.00
1,M- CAROLINA HERRERA CHIC 3.4oz SPY EDT M,52.00,38.00
1,M- CAROLINA HERRERA HERRERA 6.7oz  SPY EDT MEN,69.00,55.00
1,M- CARON LE 3e HOMME DE CARON 4.2oz SPY EDT,44.00,30.00
1,M- CARON POUR UN HOMME DE CARON 4.2oz SPY EDT M,42.00,28.00
1,M- CARON ROYAL BAIN DE CHAMPAGNE 8.0SPL EDT MEN,42.00,28.00
1,M- CARTIER DECLARATION 3.4oz SPY EDT M,49.00,35.00
1,M- CARTIER DECLARATION DUN SOIR INTENSE 3.3oz  SPY EDT  M,54.00,40.00
1,M- CARTIER EAU DE CARTIER 6.8oz SPY EDT,54.00,40.00
1,M- CARTIER EAU ESSENCE D ORANGE 6.7oz SPY EDT U M,64.00,50.00
1,M- CARTIER PASHA 3.4oz SPY EDT M,52.00,38.00
1,M- CARTIER ROADSTER 3.4oz SPY EDT M,49.00,35.00
1,M- CARTIER ROADSTER SPORT 3.4oz SPY EDT M,54.00,40.00
1,M- CARTIER SANTOS DE CARTIER 3.4 SPY EDT,49.00,35.00
1,M- CERRUTI 1881 3.4oz SPY EDT M,34.00,20.00
1,M- CERRUTI IMAGE 3.4 SPY EDT M,39.00,25.00
1,M- CHIVALRY 3.4OZ SPL M,39.00,25.00
1,M- CHRISTIAN DIOR DIOR HOMME 3.54oz SPY EDT M,79.00,65.00
1,M- CHRISTIAN DIOR FAHRENHEIT 3.4oz SPY EDT M,72.00,58.00
1,M- CHRISTIAN DIOR FAHRENHEIT 6.8 SPY EDT M,89.00,75.00
1,M- CHRISTIAN DIOR FAHRENHEIT AQUA 4.2oz SPY EDT M,79.00,65.00
1,M- CLINIQUE HAPPY CLINIQUE 3.4oz SPY EDC M,52.00,38.00
1,M- CORDUROY 2.5oz SPY M,24.00,10.00
1,M- CUBA 1.17oz SPY,16.50,2.50
1,M- CUBA 3.4oz SPY EDT M,19.00,5.00
1,M- DADDY YANKEE 3.4oz SPY EDT M,29.00,15.00
1,M- DAVID BECKAM INTEMATELY 2.5 oz SPY EDT M,24.00,10.00
1,M- DAVID BECKHAM CLASSIC 3.0oz SPY EDT,24.00,10.00
1,M- DAVID BECKHAM INSTINCT 2.5oz SPY EDT M,24.00,10.00
1,M- DAVID BECKHAM SIGNATURE 2.5oz SPY EDT M,24.00,10.00
1,M- DAVIDOFF CHAMPION 3.0oz SPY EDT M,42.00,28.00
1,M- DAVIDOFF CHAMPION ENERGY 3.0oz SPY EDT M,42.00,28.00
1,M- DAVIDOFF COOL WATER 4.2oz  SPY EDT M,39.00,25.00
1,M- DAVIDOFF COOL WATER 6.8oz SPY EDT M,49.00,35.00
1,M- DAVIDOFF ECHO 3.4oz SPY EDT M,39.00,25.00
1,M- DAVIDOFF HOT WATER 3.7 oz SPY EDT MEN,39.00,25.00
1,M- DAVIDOFF SILVER SHADOW 3.4 SPY M,39.00,25.00
1,M- DAVIDOFF ZINO 4.2oz SPY EDT M,39.00,25.00
1,M- DEODORANTS 150 ML,15.00,1.00
1,M- DIESEL FUEL FOR LIFE 4.2oz  SPY EDT M,69.00,55.00
1,M- DIESEL ONLY THE BRAVE 2.5oz  SPY EDT M,62.00,48.00
1,M- DIESEL ONLY THE BRAVE WILD 4.2oz  SPY EDT M,62.00,48.00
1,M- DIESEL PLUS PLUS 2.5oz SPY EDT M (WHITE),24.00,10.00
1,M- DIESEL ZERO PLUS 2.5 SPY EDT M (RED),24.00,10.00
1,M- DKNY MEN 3.54oz SPY EDT M,49.00,35.00
1,M- DOLCE & GABBANA INTENSO 4.2oz SPY EDT M,62.00,48.00
1,M- DOLCE & GABBANA LIGHT BLUE 4.2oz SPY EDT M,60.00,40.00
1,M- DOLCE & GABBANA THE ONE 3.4oz SPY EDT M,52.00,38.00
1,M- DOLCE & GABBANA THE ONE 5.0oz SPY EDT M,62.00,48.00
1,M- DONALD TRUMP SUCCESS 3.4oz SPY EDT MEN,34.00,20.00
1,M- DORALL VARIOUS 3.4oz SPY EDT M,16.00,2.00
1,M- DUNHILL LONDON 3.3oz SPY EDT M,49.00,35.00
1,M- DUNHILL BLACK 3.4oz SPY EDT M,49.00,35.00
1,M- DUNHILL CUSTOM 3.4 SPY EDT M,44.00,30.00
1,M- DUNHILL D 3.3 SPY EDT M,34.00,20.00
1,M- DUNHILL DESIRE BLUE 3.4oz SPY EDT M,39.00,25.00
1,M- DUNHILL DESIRE RED 3.4 SPY EDT M,42.00,28.00
1,M- DUNHILL FRESH 3.4oz SPY EDT M,39.00,25.00
1,M- ED HARDY 3.4oz SPY EDT M,32.00,18.00
1,M- ELIZABETH ARDEN ARDEN MAN 3.4 SPY EDT M,39.00,25.00
1,M- ELIZABETH TAYLOR PASSION 4.2oz SPY COLOGNE MEN,29.00,15.00
1,M- EMANUEL UNGARO APPARITION COBALT 3.4oz SPY EDT M,34.00,20.00
1,M- EMANUEL UNGARO HIM 3.4oz SPY EDT M,34.00,20.00
1,M- EMANUEL UNGARO MAN 3.0oz SPY EDT M,34.00,20.00
1,M- ENRIQUE IGLESIAS ADRENALINE 3.4oz SPY EDT M,34.00,20.00
1,M- ESTEE LAUDER ARAMIS 3.7oz SPY EDT M,42.00,28.00
1,M- ESTEE LAUDER ARAMIS 900 3.4 SPY EDT MEN,49.00,35.00
1,M- ESTEE LAUDER ARAMIS DEVIN 3.5oz SPY EDT M,52.00,38.00
1,M- ESTEE LAUDER ARAMIS HAVANA 3.4 SPY EDT MEN,52.00,38.00
1,M- ESTEE LAUDER ARAMIS NEW WEST 3.4oz SPY M,49.00,35.00
1,M- ESTEE LAUDER ARAMIS TUSCANY 3.4 SPY EDT MEN,42.00,28.00
1,M- ESTEE LAUDER PLEASURES 3.4oz SPY EDT MEN,49.00,35.00
1,M- EXCEED 3.4 SPY EDT M,19.00,5.00
1,M- FAN DI FENDI 3.3 SPY EDT MEN,52.00,38.00
1,M- FAN DI FENDI ACQUA 3.3 SPY EDT MEN,49.00,35.00
1,M- FERRARI EXTREME 4.2oz SPY EDT M,34.00,20.00
1,M- FERRARI LIGHT ESSENCE 3.4oz SPY EDT M,34.00,20.00
1,M- FERRARI LIGHT ESSENCE ACQUA 3.4oz SPY EDT M,34.00,20.00
1,M- FERRARI SCUDERIA 4.2oz SPY EDT M,34.00,20.00
1,M- FERRARI SCUDERIA BLACK 4.2oz SPY EDT M,34.00,20.00
1,M- FERRARI SCUDERIA BLACK SIGNATURE 4.2oz SPY EDT M,34.00,20.00
1,M- FERRARI SCUDERIA CLUB 4.2oz SPY EDT M,34.00,20.00
1,M- FERRARI SCUDERIA RACING RED 4.2oz SPY EDT M,34.00,20.00
1,M- FERRARI SCUDERIA RED 4.2oz SPY EDT M,34.00,20.00
1,M- FERRARI UOMO 3.4oz SPY EDT M,34.00,20.00
1,M- FERRE by GIANFRANCO FERRE 4.2oz SPY EDT M,39.00,25.00
1,M- FRED HAYMANS BEVERLY HILLS 273 2.5 SPY COL. MEN,29.00,15.00
1,M- FRED HAYMANS BEVERLY HILLS HOLLYWOOD 3.4oz SPY EDT M,29.00,15.00
1,M- GENDARME 4.0 SPY EDT M,49.00,35.00
1,M- GEOFFREY BEENE  EAU DE GREY FRANNEL 4.0 SPY EDC M,24.00,10.00
1,M- GIORGIO ARMANI ARMANI CODE ICE 2.5oz  SPY EDT M,69.00,55.00
1,M- GIORGIO ARMANI ARMANI CODE 4.2oz  SPY EDT M,79.00,65.00
1,M- GIORGIO ARMANI ARMANI EAU DE NUIT POUR HOMME 3.3oz SPY EDT MEN,72.00,58.00
1,M- GIORGIO ARMANI ARMANI MANIA 3.4oz SPY EDT M,69.00,55.00
1,M- GIORGIO ARMANI ACQUA DI GIO 3.4oz  SPY EDT M,72.00,58.00
1,M- GIORGIO ARMANI ACQUA DI GIO 6.7oz SPY EDT MEN,82.00,68.00
1,M- GIORGIO ARMANI EMPORIO 3.4oz SPY EDT M,69.00,55.00
1,M- GIORGIO ARMANI EMPORIO DIAMONDS 2.5oz SPY EDT M,69.00,55.00
1,M- GIORGIO BEVERLY HILLS GIORGIO RED 3.4oz SPY EDT M,34.00,20.00
1,M- GIORGIO BEVERLY HILLS WINGS 3.4oz SPY EDT M,29.00,15.00
1,M- GIVENCHI MONSIEUR 3.4oz SPY EDT M,52.00,38.00
1,M- GIVENCHY BLUE LABEL 3.3oz SPY EDT M,52.00,38.00
1,M- GIVENCHY GENTLEMAN 3.4oz SPY EDT M,49.00,35.00
1,M- GIVENCHY GENTLEMAN ONLY 3.3oz SPY EDT M,49.00,35.00
1,M- GIVENCHY GENTLEMAN ONLY 5.0oz SPY EDT M,59.00,45.00
1,M- GIVENCHY INSENSE ULTRAMARINE 3.4 SPY M,49.00,35.00
1,M- GIVENCHY PI by GIVENCHY 3.4oz SPY EDT M,52.00,38.00
1,M- GIVENCHY PI NEO by GIVENCHY 3.4oz SPY EDT M,52.00,38.00
1,M- GIVENCHY PLAY 3.3oz SPY EDT M,52.00,38.00
1,M- GIVENCHY PLAY SPORT 3.3oz SPY EDT M,52.00,38.00
1,M- GIVENCHY XERYUS 3.4oz SPY EDT M,52.00,38.00
1,M- GIVENCHY XERYUS ROUGE 3.4oz SPY EDT M,49.00,35.00
1,M- GOLF STAR 4.2oz SPY EDT M,19.00,5.00
1,M- GRABAZZI 4.0 SPY EDT,44.00,30.00
1,M- GUCCI by GUCCI 3.0oz SPY EDT M,52.00,38.00
1,M- GUCCI GUILTY 3.0oz SPY EDT M,54.00,40.00
1,M- GUCCI GUILTY BLACK 3.0oz SPY EDT M,59.00,45.00
1,M- GUCCI GUILTY DIAMOND by GUCCI 3.0oz SPY EDT M,59.00,45.00
1,M- GUCCI GUILTY INTENSE 3.0oz SPY EDT M,54.00,40.00
1,M- GUCCI MADE TO MEASURE 3.0oz SPY EDT M,52.00,38.00
1,M- GUERLAIN  HABIT ROUGE 3.4 SPY,49.00,35.00
1,M- GUERLAIN HERITAGE 3.4oz SPY EDT M,62.00,48.00
1,M- GUERLAIN IMPERIALE 3.4 SPY EDC,52.00,38.00
1,M- GUERLAIN INSTANT 4.2oz SPY EDT M,52.00,38.00
1,M- GUERLAIN VETIVER EXTREME 3.4oz SPY M,52.00,38.00
1,M- GUESS 2.5OZ SPY EDT M,34.00,20.00
1,M- GUESS by MARCIANO 3.4oz SPY EDT M,34.00,20.00
1,M- GUESS NIGHT 3.4oz SPY EDT M,32.00,18.00
1,M- GUESS NIGHT ACCESS 3.4oz SPY EDT M,32.00,18.00
1,M- GUESS SEDUCTIVE 3.4oz SPY EDT M,32.00,18.00
1,M- GUESS SEDUCTIVE BLUE 3.4oz SPY EDT M,39.00,25.00
1,M- GUY LAROCHE DRAKKAR 3.4oz SPY EDT M,39.00,25.00
1,M- GUY LAROCHE DRAKKAR 6.7oz SPY EDT M,52.00,38.00
1,M- GUY LAROCHE HORIZON 3.4 SPY EDT,52.00,38.00
1,M- HALLOWEEN by JESUS DEL POZO 4.2oz SPY EDT M,42.00,28.00
1,M- HALLOWEEN ROCK ON by JESUS DEL POZO 4.2oz SPY EDT M,44.00,30.00
1,M- HALSTON CATALYST 3.4 SPY EDT MEN,32.00,18.00
1,M- HALSTON I-12 4.0 SPY EDC M,22.00,8.00
1,M- HALSTON Z-14 4.2oz SPY COLOGNE,29.00,15.00
1,M- HALSTON Z-14 8.0oz SPY  COLOGNE,34.00,20.00
1,M- HANAE MORI 3.4oz  SPY EAU DE PERFUM MEN,49.00,35.00
1,M- HERMES TERRE DHERMES 3.3oz SPY EDT M,79.00,65.00
1,M- HERMES TERRE DHERMES EAU TRES FRAICHE 4.2oz SPY EDT M,89.00,75.00
1,M- HIS 777 3.4oz SPY EDT M,24.00,10.00
1,M- HOMBRE CALIENTE 4.2oz SPY EDT M,22.00,8.00
1,M- HUGO BOSS # 1 4.2 SPY EDT,49.00,35.00
1,M- HUGO BOSS #6 BOTTLE NIGHT 3.4oz SPY EDT M,49.00,35.00
1,M- HUGO BOSS #6 SPORT 3.4 SPY EDT M,52.00,38.00
1,M- HUGO BOSS 4.2oz SPY EDT M,44.00,30.00
1,M- HUGO BOSS 6.7oz SPY EDT M (200ml),59.00,45.00
1,M- HUGO BOSS BALDESARINI AMBRE 3.0oz SPY EDT M,42.00,28.00
1,M- HUGO BOSS BALDESSARINI 2.5oz SPY EDT M,39.00,25.00
1,M- HUGO BOSS BALDESSARINI DEL MAR 3.0OZ SPY M,42.00,28.00
1,M- HUGO BOSS BALDESSARINI DEL MAR SEYCHELLES 3.0oz SPY M,42.00,28.00
1,M- HUGO BOSS BALDESSARINI STRICTLY PRIVATE 3.0oz SPY EDT M,42.00,28.00
1,M- HUGO BOSS DARK BLUE 2.5oz  SPY EDT M,39.00,25.00
1,M- HUGO BOSS ENERGISE 3.4 SPY EDT M,52.00,38.00
1,M- HUGO BOSS IN MOTION WHITE 3.0oz SPY EDT M,49.00,35.00
1,M- HUGO BOSS JUST DIFFERENT 5.0oz SPY EDT M,49.00,35.00
1,M- HUGO BOSS ORANGE by HUGO BOSS 3.3oz SPY M,52.00,38.00
1,M- HUGO BOSS PURE by HUGO BOSS 2.5oz SPY EDT M,44.00,30.00
1,M- HUGO BOSS RED 4.2oz SPY EDT M,44.00,30.00
1,M- HUGO BOSS RED 6.7oz SPY EDT M,54.00,40.00
1,M- HUGO BOSS SELECTION 3.0OZ SPY MEN,44.00,30.00
1,M- HUGO BOSS SOUL 3.4oz SPY EDT M,49.00,35.00
1,M- HUGO BOSS XY by HUGO BOSS 3.3oz SPY EDT M,42.00,28.00
1,M- HUMMER 2 RED 4.2OZ SPY M,29.00,15.00
1,M- HUMMER 4.2oz SPY EDT M,29.00,15.00
1,M- HUMMER BLACK 2.5oz SPY EDT M,29.00,15.00
1,M- ISSEY MIYAKE LEAU BLEUE DISSEY MIYAKE 4.2oz SPY M,52.00,38.00
1,M- ISSEY MIYAKE LEAU DISSEY 4.2oz SPY EDT M,59.00,45.00
1,M- ISSEY MIYAKE LEAU DISSEY MIYAKE 6.7oz SPY EDT M,74.00,60.00
1,M- ISSEY MIYAKE LEAU DISSEY MIYAKE INTENSE 4.2oz SPY EDT M,64.00,50.00
1,M- ISSEY MIYAKE SPORT 3.3oz SPY EDT M,52.00,38.00
1,M- ISSEY MIYAKE YUZU 4.2oz SPY EDT M,52.00,38.00
1,M- J-LO DESEO 3.4oz SPY EDT M,34.00,20.00
1,M- JACOMO de JACOMO 3.4oz SPY EDT M,34.00,20.00
1,M- JACOMO ROUGE 3.4 SPY EDT M,32.00,18.00
1,M- JACQUES FATH POUR HOMME 2.5oz SPY EDT M,39.00,25.00
1,M- JAGUAR  CLASSIC AMBER 3.4oz SPY EDT M,29.00,15.00
1,M- JAGUAR CLASSIC BLUE 4.2oz SPY EDT M,29.00,15.00
1,M- JAGUAR CLASSIC GREEN 3.4oz SPY EDT M,29.00,15.00
1,M- JAGUAR CLASSIC RED 3.4oz SPY EDT M,29.00,15.00
1,M- JAGUAR PERFORMANCE 3.4oz SPY M,29.00,15.00
1,M- JEAN PAUL GAULTIER 4.2 SPY MEN,54.00,40.00
1,M- JEAN PAUL GAULTIER FLEUR DU MALE 4.2oz SPY EDT M,49.00,35.00
1,M- JEAN PAUL GAULTIER KOKO RICO 3.4oz SPY EDT M,64.00,50.00
1,M- JEAN PAUL GAULTIER LE MALE TERRIBLE 4.2 SPY MEN,49.00,35.00
1,M- JENNI RIVERA EL SPORT 3.4oz SPY EDT M,49.00,35.00
1,M- JENNI RIVERA EL 3.4oz SPY EDT M,49.00,35.00
1,M- JIL SANDER 4.2oz SPY EDT M,42.00,28.00
1,M- JIVAGO 24K 3.4 SPY EDT M,42.00,28.00
1,M- JIVAGO SWEET DREAMS 3.4oz SPY EDT M,34.00,20.00
1,M- JOHN VARVARTOS USA 3.4oz SPY EDT M,52.00,38.00
1,M- JOHN VARVATOS BLACK ARTISAN 3.4 SPY EDT MEN,52.00,38.00
1,M- JOOP GO 3.4oz SPY EDT M,39.00,25.00
1,M- JOOP JUMP 3.4 SPY EDT M,42.00,28.00
1,M- JOOP SPLASH SUMMER TICKET 3.8oz SPY EDT M,34.00,20.00
1,M- JOOP 4.2oz SPY EDT MEN,34.00,20.00
1,M- JOOP 6.7oz SPY EDT MEN,49.00,35.00
1,M- JOOP SUMMER TICKET 4.2oz SPY EDT MEN,42.00,28.00
1,M- JORDAN 23 by MICHAEL JORDAN 3.4oz SPY EDT M,29.00,15.00
1,M- JORDAN by MICHAEL 3.4oz SPY EDT M,29.00,15.00
1,M- JOVAN MUSK 3.0oz SPY EDT MEN,22.00,8.00
1,M- JOVAN MUSK SEX APPEAL 3.0oz SPY EDT M,22.00,8.00
1,M- JOVAN MUSK WHITE 3.0oz SPY EDT M,22.00,8.00
1,M- JUICY COUTURE DIRTY ENGLISH 3.4oz SPY EDT M,54.00,40.00
1,M- KANON 3.4 SPY EDT M,29.00,15.00
1,M- KAREN LOW X CHANGE COOL 3.4 SPY EDT M,20.00,6.00
1,M- KENNETH COLE BLACK 3.4oz  SPY EDT M,39.00,25.00
1,M- KENNETH COLE R.S.V.P. 3.4oz SPY EDT M,39.00,25.00
1,M- KENNETH COLE REACTION 3.4oz SPY EDT M,39.00,25.00
1,M- KENNETH COLE REACTION CONNECTED 4.2oz SPY M,39.00,25.00
1,M- KENNETH COLE REACTION T-SHIRT 3.4oz SPY EDT M,42.00,28.00
1,M- KENNETH COLE REACTION THERMAL 3.4oz SPY EDT,42.00,28.00
1,M- KENNETH COLE SIGNATURE 3.4OZ SPY M,39.00,25.00
1,M- KENZO HOMME SPORT EXTREME 3.4oz SPY EDT MEN,49.00,35.00
1,M- KENZO JUNGLE 3.4 SPY EDT M,52.00,38.00
1,M- KENZO LEAU PAR KENZO 3.4oz SPY M,49.00,35.00
1,M- KRIZIA UOMO 3.4 SPY M,29.00,15.00
1,M- LACOSTE BOOSTER 4.2oz SPY EDT M,52.00,38.00
1,M- LACOSTE CHALLENGE REFRESH 3.0oz SPY EDT M,49.00,35.00
1,M- LACOSTE ESSENTIAL 4.2oz SPY EDT M,49.00,35.00
1,M- LACOSTE ESSENTIAL SPORT 4.2oz SPY EDT M,49.00,35.00
1,M- LACOSTE L.12.12 EAU DE BLANC 3.3oz SPY EDT M,44.00,30.00
1,M- LACOSTE L.12.12 EAU DE BLEU 3.3oz SPY EDT M,49.00,35.00
1,M- LACOSTE L.12.12 EAU DE JAUNE (YELLOW)  3.3oz SPY EDT M,49.00,35.00
1,M- LACOSTE L.12.12 EAU DE NOIR 3.3oz SPY EDT M,44.00,30.00
1,M- LACOSTE LIVE 3.3oz SPY EDT M,59.00,45.00
1,M- LACOSTE ORIGINAL 3.4oz SPY EDT M,49.00,35.00
1,M- LACOSTE POUR HOMME 3.3oz SPY EDT MEN,49.00,35.00
1,M- LACOSTE RED 4.2oz SPY EDT M,49.00,35.00
1,M- LAGERFELD 4.2oz SPY,34.00,20.00
1,M- LALIQUE LION 4.2 SPY EDT MEN,44.00,30.00
1,M- LAMIS CATSUIT 3.4 SPY EDT M,19.00,5.00
1,M- LAMIS COUNTRY CLUB BLACK 3.4oz SPY M,19.00,5.00
1,M- LAMIS COUNTRY CLUB BLUE DELUXE 3.4oz SPY EDT,19.00,5.00
1,M- LAMIS DIABLE BLUE 3.4 SPY EDT M,19.00,5.00
1,M- LAMIS EVERYONE 3.4oz SPY,19.00,5.00
1,M- LAMIS EVERYONE NOIR 3.4oz SPY EDT,19.00,5.00
1,M- LAMIS RESTRICTION DELUXE 3.4oz SPY EDT M,19.00,5.00
1,M- LANVIN AVANT GARDE 3.4oz SPY EDT M,34.00,20.00
1,M- LANVIN LHOMME 3.4oz SPY EDT M,39.00,25.00
1,M- LANVIN LHOMME SPORT 3.4 SPY EDT M,39.00,25.00
1,M- LAPIDUS 3.4oz SPY EDT MEN,29.00,15.00
1,M- LAPIDUS BLACK EXTREME 3.4oz SPY EDT MEN,29.00,15.00
1,M- LAPIDUS BLACK SOULD 3.4oz SPY EDT MEN,34.00,20.00
1,M- LIZ CLAIBORNE CLAIBORNE 3.4 SPY EDT MEN,24.00,10.00
1,M- LIZ CLAIBORNE BORA BORA EXOTIC 3.4oz SPY EDT M,29.00,15.00
1,M- LIZ CLAIBORNE CURVE 4.2oz SPY EDC M,34.00,20.00
1,M- LIZ CLAIBORNE CURVE BLACK 4.2oz SPY EDC M,34.00,20.00
1,M- LIZ CLAIBORNE CURVE CHILL 4.2oz SPY EDT M,29.00,15.00
1,M- LIZ CLAIBORNE CURVE CONNECT 4.2oz SPY EDT M,29.00,15.00
1,M- LIZ CLAIBORNE CURVE SPORT 4.2oz SPY EDC M,34.00,20.00
1,M- LIZ CLAIBORNE CURVE WAVE 4.2oz  SPY EDT M,29.00,15.00
1,M- LIZ CLAIBORNE LUCKY YOU 3.4OZ SPY MEN,29.00,15.00
1,M- LIZ CLAIBORNE MAMBO 3.4oz SPY EDC MEN,29.00,15.00
1,M- LOLITA LEMPICKA 3.4oz SPY EDT M,39.00,25.00
1,M- LONKOOM POSSESS 3.4oz SPY EDT M,20.00,6.00
1,M- MARC ECKO UNLTD ORANGE 3.4oz SPY EDT,29.00,15.00
1,M- MARINA DE BOURBON 3.3 SPY EDT M,29.00,15.00
1,M- MICAELANGELO AMORE ETERNO 3.4oz SPY EDP M,19.00,5.00
1,M- MICAELANGELO BELLAGIO 3.4 SPY EDT MEN,22.00,8.00
1,M- MICHAEL GERMAN SEXUAL 4.2oz SPY EDT M,59.00,45.00
1,M- MICHAEL GERMAN SEXUAL FRESH 4.2oz SPY EDT M,59.00,45.00
1,M- MICHAEL JORDAN 3.4oz SPY EDT M,29.00,15.00
1,M- MICHAEL JORDAN FLIGHT 3.4oz SPY EDT M,29.00,15.00
1,M- MICHAEL JORDAN LEGEND 3.4OZ SPY EDT M,29.00,15.00
1,M- MICHAEL JORDAN POWER 3.4oz SPY EDT M,29.00,15.00
1,M- MONT BLANC EMBLEM 3.4oz SPY MEN,52.00,38.00
1,M- MONT BLANC EXCEPTIONNEL 2.5oz SPY EDT M,39.00,25.00
1,M- MONT BLANC INDIVIDUEL 2.5 SPY EDT M,42.00,28.00
1,M- MONT BLANC LEGEND 3.4oz SPY MEN,44.00,30.00
1,M- MONT BLANC LEGEND INTENSE 3.4oz SPY MEN,49.00,35.00
1,M- MONT BLANC LEGEND SPECIAL EDITION 3.4oz SPY MEN,44.00,30.00
1,M- MONT BLANC PRESENCE 2.5 SPY EDT MEN,39.00,25.00
1,M- MONT BLANC STARWALKER 2.5oz SPY EDT M,39.00,25.00
1,M- MORE FLORE MORE 3.4oz SPY EDT M,20.00,6.00
1,M- MOSCHINO UOMO 4.2 SPY MEN,39.00,25.00
1,M- NARCISO RODRIGUEZ 3.4oz SPY EDT M,69.00,55.00
1,M- NAUTICA AQUA RUSH GOLD 3.4oz SPY EDT M,32.00,18.00
1,M- NAUTICA BLUE 3.4oz SPY EDT M,29.00,15.00
1,M- NAUTICA CLASSIC 3.4 oz SPY EDC M,29.00,15.00
1,M- NAUTICA PURE DISCOVERY 3.4oz SPY EDT M,29.00,15.00
1,M- NAUTICA VOYAGE 3.4OZ SPY MEN,29.00,15.00
1,M- NEW BRAND GOLF 3.4zo SPY EDT M,19.00,5.00
1,M- NEW BRAND SOLEMAR 3.4oz SPY EDT M,19.00,5.00
1,M- NEW BRAND ZOZ 3.4oz SPY EDT M,19.00,5.00
1,M- NICOLE MILLER 2.5 SPY EDT MEN,29.00,15.00
1,M- ONE MAN SHOW 3.4 SPY EDT M,22.00,8.00
1,M- OPEN BLACK ROGER & GALLET 3.4 SPY EDT,29.00,15.00
1,M- OPEN ROGER&GALLET 3.4 SPY EDT,34.00,20.00
1,M- OPEN WHITE ROGER & GALLET 3.4 SPY EDT,29.00,15.00
1,M- ORO PURO 3.54oz SPY EDT M,22.00,8.00
1,M- OSCAR by OSCAR DE LA RENTA FOR MEN 3.4 SPY EDT M,29.00,15.00
1,M- OSCAR DE LA RENTA POUR LUI 3.0 SPY EDT M,39.00,25.00
1,M- PACO RABANE 1 MILLON 3.4oz SPY EDT M,62.00,48.00
1,M- PACO RABANE 1 MILLON 6.8oz SPY EDT M,74.00,60.00
1,M- PACO RABANNE PACO 3.4oz SPY EDT M (CAN),42.00,28.00
1,M- PACO RABANNE 3.4oz SPY EDT M,42.00,28.00
1,M- PACO RABANNE 6.8oz SPY EDT M,64.00,50.00
1,M- PACO RABANNE INVICTUS 3.4oz SPY EDT M,62.00,48.00
1,M- PACO RABANNE XS 3.4oz SPY EDT M,44.00,30.00
1,M- PACO RABANNE XS BLACK 3.4oZ SPY EDT M,52.00,38.00
1,M- PACO RABANNE XS BLACK POTION 3.4oz SPY EDT M,52.00,38.00
1,M- PALOMA PICASO MINOTAURE 2.5oz SPY EDT MEN,52.00,38.00
1,M- PARIS HILTON 3.4 SPY EDT M,32.00,18.00
1,M- PARIS HILTON HEIR 3.4oz SPY EDT M,29.00,15.00
1,M- PARIS HILTON JUST ME 3.4oz SPY EDT M,32.00,18.00
1,M- PAUL SEBASTIAN DESIGN 3.4 SPY EDT MEN,29.00,15.00
1,M- PENGUIN 3.4oz SPY EDT AM,42.00,28.00
1,M- PENGUIN NIGHTCAP 3.4oz SPY EDT M,39.00,25.00
1,M- PENGUIN RESERVE 3.4 spy EDT MEN,42.00,28.00
1,M- PENGUIN ROCKS 3.4 spy EDT MEN,39.00,25.00
1,M- PERRY ELLIS 18 3.4oz  SPY EDT M,34.00,20.00
1,M- PERRY ELLIS 18 INTENSE 3.4oz SPY EDT M,32.00,18.00
1,M- PERRY ELLIS 360 GREEN 3.4oz SPY EDT M,34.00,20.00
1,M- PERRY ELLIS 360 3.4oz  SPY EDT M,32.00,18.00
1,M- PERRY ELLIS 360 BLACK 3.4oz SPY EDT M,32.00,18.00
1,M- PERRY ELLIS 360 RED 3.4oz SPY EDT M,32.00,18.00
1,M- PERRY ELLIS 360 WHITE 3.4oz SPY EDT M,32.00,18.00
1,M- PERRY ELLIS AMERICA 5.0oz SPY EDT M,34.00,20.00
1,M- PERRY ELLIS AQUA 3.4 SPY EDT MEN,34.00,20.00
1,M- PERRY ELLIS HIM 3.4oz SPY EDT M,32.00,18.00
1,M- PERRY ELLIS M 3.4oz SPY EDT M,32.00,18.00
1,M- PERRY ELLIS MAN 3.4oz SPY EDT M,32.00,18.00
1,M- PERRY ELLIS NIGHT 3.4oz SPY EDT M,32.00,18.00
1,M- PERRY ELLIS PORTFOLIO 3.4oz SPY MEN,32.00,18.00
1,M- PERRY ELLIS PORTFOLIO BLACK 3.4oz SPY MEN,32.00,18.00
1,M- PERRY ELLIS PORTFOLIO ELITE 3.4oz SPY EDT M,32.00,18.00
1,M- PERRY ELLIS PORTFOLIO GREEN by PERRY ELLIS 3.4oz SPY EDT M,32.00,18.00
1,M- PERRY ELLIS PORTFOLIO RED 3.4oz SPY EDT M,32.00,18.00
1,M- PERRY ELLIS RESERVE 3.4oz SPY EDT M,32.00,18.00
1,M- PHANTOM 3.4OZ SPY M,29.00,15.00
1,M- PIERRE CARDIN 8.0oz SPY M,32.00,18.00
1,M- PINO SILVESTRE 4.2oz SPY EDT M,26.00,12.00
1,M- PLAYBOY  3.4oz SPY EDT M,22.00,8.00
1,M- POWER by 50 CENTA 3.4oz SPY EDT M,32.00,18.00
1,M- PRADA AMBER 3.4oZ SPY MEN,64.00,50.00
1,M- PRADA LUNA ROSSA 3.4oz SPY M,69.00,55.00
1,M- QUORUM AQUA by ANTONY PUIG 3.4oz SPY EDT,24.00,10.00
1,M- QUORUM by ANTONY PUIG 3.4oz SPY EDT M,24.00,10.00
1,M- QUORUM SILVER by ANTONY PUIG 3.4OZ SPY M,24.00,10.00
1,M- RALPH LAUREN POLO #2 BIG PONY 4.2oz SPY EDT M,59.00,45.00
1,M- RALPH LAUREN POLO #3  BIG PONY 4.2oz SPY EDT M,59.00,45.00
1,M- RALPH LAUREN POLO 4.2oz SPY EDT M,62.00,48.00
1,M- RALPH LAUREN POLO BLACK 4.2oz SPY EDT M,62.00,48.00
1,M- RALPH LAUREN POLO BLUE 4.2oz SPY EDT M,62.00,48.00
1,M- RALPH LAUREN POLO BLUE 6.7oz SPY EDT M,74.00,60.00
1,M- RALPH LAUREN POLO RED 4.2oz SPY EDT M,62.00,48.00
1,M- RALPH LAUREN POLO SPORT 4.2 SPY EDT MEN,69.00,55.00
1,M- RALPH LAUREN SAFARI 4.2oz SPY EDT MEN,79.00,65.00
1,M- REALM 3.4oz SPY EDC M (With PHEROMONES),34.00,20.00
1,M- REALM INNER 3.4oz SPY EDT M,29.00,15.00
1,M- REMY LATOUR RL HOMME 3.4 M,22.00,8.00
1,M- ROCAWEAR IX 3.4oz SPY EDT M,34.00,20.00
1,M- ROCHAS 3.4OZ SPY MEN,39.00,25.00
1,M- ROCHAS GLOBE 3.4OZ SPY MEN,39.00,25.00
1,M- ROCHAS MOUSTACHE 3.4oz SPY EDT M,44.00,30.00
1,M- ROMA LAURA BIAGIOTTI 4.2oz SPY EDT M,44.00,30.00
1,M- ROYAL COPENHAGEN MUSCK3.4 Y COL,29.00,15.00
1,M- S&S COLLECTION 3.3oz SPY EDT M,16.00,2.00
1,M- SALVADOR DALI AGUA VERDE 3.4 SPY EDT M,34.00,20.00
1,M- SALVADORE FERRAGAMO F 3.4oz SPY EDT MEN,39.00,25.00
1,M- SALVADORE FERRAGAMO F BLACK 3.3oz SPY EDT M,39.00,25.00
1,M- SALVADORE FERRAGAMO F FREE TIME 3.3oz SPY EDT MEN,39.00,25.00
1,M- SALVADORE FERRAGAMO SUBTIL 3.4OZ SPY M,39.00,25.00
1,M- SALVATORE FERRAGAMO 3.4 SPY MEN,34.00,20.00
1,M- SAMBA FRENCH KISS 3.4OS SPY MEN,22.00,8.00
1,M- SAMBA HEAT 3.4ozSPY EDT M,22.00,8.00
1,M- SAMBA KISS 3.4 SPY EDT MEN,22.00,8.00
1,M- SAMBA ROCK & ROLL 3.4OZ SPY MEN,22.00,8.00
1,M- SAMBA VIVA 3.4oz SPY EDT  M,22.00,8.00
1,M- SARAH B. 100 3.4oz SPY EDT M,22.00,8.00
1,M- SEAN JHONN I AM KING 3.4oz SPY EDT M,54.00,40.00
1,M- SEX IN THE CITY 3.4oz SPY EDT M,16.50,2.50
1,M- SILVER COLLECTION 3.4oz SPY EDT M,16.00,2.00
1,M- STRENGHT MEN 3.4oz SPY EDT M,22.00,8.00
1,M- SWISS ARMY 3.4 SPY EDT M,34.00,20.00
1,M- SWISS ARMY ALTITUD 3.4 SPY EDT M,34.00,20.00
1,M- SWISS ARMY SPORT 3.4oz SPY EDT M,34.00,20.00
1,M- TABAC 3.4oz EDC SPLASH  M,29.00,15.00
1,M- THALLIUM 3.4 SPY EDT M,24.00,10.00
1,M- THE BARON 4.5oz SOY EDC MEN,49.00,35.00
1,M- THIERRY MUGLER ANGEL 3.4 SPY MEN,52.00,38.00
1,M- THIERRY MUGLER MUGLER COLOGNE 3.4oz SPY EDT M,59.00,45.00
1,M- TOMMY 3.4OZ SPY EDT MEN,39.00,25.00
1,M- TOMMY BAHAMAS MARTINIQUE 3.4 SPY MEN,34.00,20.00
1,M- TOMMY BAHAMAS VERY COOL 3.4oz SPY EDT M,34.00,20.00
1,M- TOUS 3.4oz SPY EDT M,44.00,30.00
1,M- TOUS IN HEAVEN  3.4oz SPY EDT M,39.00,25.00
1,M- UK COLLECTION 3.4oz SPY EDT M,16.00,2.00
1,M- ULYSSE by VICKY TIEL 3.4oz SPY EDT M,29.00,15.00
1,M- USHER UR 3.4oz SPY EDT M,34.00,20.00
1,M- VAN CLEEF & ARPELS MIDNIGHT IN PARIS 4.2oz SPY EDT M,39.00,25.00
1,M- VAN CLEEF & ARPELS POUR HOMME 3.4oz SPY EDT M,39.00,25.00
1,M- VAN CLEEF TSAR 3.4oz SPY EDT M,39.00,25.00
1,M- VERA WANG 3.4oz SPY EDT M,52.00,38.00
1,M- VERSACE BLUE JEANS 2.5oz SPY EDT M,29.00,15.00
1,M- VERSACE DREAMER 3.4oz SPY EDT M,42.00,28.00
1,M- VERSACE EAU FRAICHE 3.4oz SPY EDT M,49.00,35.00
1,M- VERSACE EAU FRAICHE 6.7oz SPY EDT M,59.00,45.00
1,M- VERSACE EROS 3.4oz SPY EDT M,52.00,38.00
1,M- VERSACE LHOMME SPY EDT 3.3oz M (BROWN ),42.00,28.00
1,M- VERSACE MAN 3.4oz SPY EDT M,49.00,35.00
1,M- VERSACE POUR HOMME 3.4oz SPY EDT M,55.00,35.00
1,M- VERSACE VERSUS 3.4zo SPY EDT M,44.00,30.00
1,M- VICTOR & ROLF SPICEBOMB 3.0oz SPY EDT M,72.00,58.00
1,M- VICTORY PRESTIGE 3.4oz SPY EDT M,24.00,10.00
1,M- YACHTMAN GREEN 3.4oz SPY EDT M,20.00,6.00
1,M- YSL KOUROS 3.4 SPY EDT M,54.00,40.00
1,M- YSL KOUROS BODY 3.4 SPY EDT M,49.00,35.00
1,M- YSL LHOMME 3.3oz SPY EDT M,62.00,48.00
1,M- YSL LHOMME LIBRE 3.3oz SPY EDT M,59.00,45.00
1,M- YSL LHOMME SPORT 3.3oz SPY EDT M,62.00,48.00
1,M- YSL LA NUIT DE LHOMME 3.3oz SPY EDT M,62.00,48.00
1,M- YSL OPIUM 3.4 SPY EDT MEN,69.00,55.00
1,M- ZEGNA Z 3.4oz SPY EDT M,52.00,38.00
1,M- ZEGNA FORTE 3.4oz SPY MEN,52.00,38.00
1,M- ZEGNA UOMO 3.4 SPY MEN,52.00,38.00
1,M-GUSSI JET FUEL 3.3oz SPY EDT M,22.00,8.00
1,M-SET DORALL (3pcs) 3.4oz SPY EDT  MEN,19.00,5.00
1,M-SET CUBA 3.4oz SPY EDT M (2 pcs),20.00,6.00
1,M-SET DANIEL BANKS (3pcs) 3.4oz SPY EDT + 0.34oz SPLASH EDT + 5.9oz SHOWER GEL MEN,20.00,6.00
1,M-SET EVERYONE by LAMIS (3pcs) 3.4oz SPY EDT + 2.5oz DEODORANT SPY + PEN AND PENCIL MEN,20.00,6.00
1,M-SET CUBA 4pcs 1.17ozSPY EDT M,22.00,8.00
1,M-SET CUBA GOLD 3.4oz SPY EDT + 6.6oz DEODORANT SPY MEN (SILVER BULLET),22.00,8.00
1,M-SET CLASSIC POUR HOMME (4pcs) 4.2oz SPY EDT + 2.5oz SPY EDT + 5.0oz AFTER SHAVE + 5.0oz S.GEL MEN,24.00,10.00
1,M-SET MICAELANGELO BELLAGIO 3.4oz SPY EDT M,24.00,10.00
1,M-SET SWISS ALPINE (3pcs) 3.3oz SPY EDT + 3.0oz AFTER SHAVE BALM + 3.0oz SHOWER GEL MEN,24.00,10.00
1,M-SET CUBA GOLD BUCKET (4pcs) 3.3oz SPY EDT + 1.17oz SPY EDT + 3.3oz AFTER S. SPY+6.6oz DEO SPY MEN,26.00,12.00
1,M-SET HOMBRE CALIENTE (4pcs) 4.2oz SPY EDT+1.3oz SPY + 3.0oz SG + 3.4oz AF M,26.00,12.00
1,M-SET ANTONIO BANDERAS MEDITERRANEO (2pcs) 3.4oz SPY EDT + 3.4oz A.F M,29.00,15.00
1,M-SET ANTONIO BANDERAS DIAVOLO (2pcs) 3.4oz SPY EDT + 3.4oz AFTER SHAVE M,29.00,15.00
1,M-SET BARCELONA FC (2pcs) 3.4oz SPY EDT + 5.0oz BODY SPY,29.00,15.00
1,M-SET CIGAR (2pcs) 3.3oz SPY EDT + 6.6oz DEODORANT SPY MEN (METAL BOX),29.00,15.00
1,M-SET CUBA (5pcs) 3.3oz SPY EDT+ 1.17oz SPY EDT+ 6.6oz S.G.+ 3.3oz AFTER S. SPY+ 6.6oz DEO SPY MEN,29.00,15.00
1,M-SET ELIZABETH TAYLOR PASSION (2pcs) 4.0oz SPY EDC + 4.0oz AFTER SHAVE MEN,29.00,15.00
1,M-SET HIS 777 (3pcs) 3.3oz SPY EDT + 0.33oz SPY EDT + 2.5oz DEODORANT STICK MEN,29.00,15.00
1,M-SET LAKERS LOS ANGELES by NBA (3pcs) 3.4oz SPY EDT+5.1oz S.G.+ KEY CHAIN MENS,29.00,15.00
1,M-SET QUORUM by ANTONY PUIG (2pcs) 3.3oz SPY EDT + 3.3oz AFTER SHAVE SPLASH M,29.00,15.00
1,M-SET QUORUM SILVER by ANTONY PUIG (2pcs) 3.4oz SPY EDT + 3.3oz AFTER SHAVE SPLASH M,29.00,15.00
1,M-SET REAL MADRID FC (2pcs) 3.4oz SPY EDT + 5.0oz BODY SPY,29.00,15.00
1,M-SET GIORGIO BEVERLY HILLS WINGS 3.4oz SPY EDT M,32.00,18.00
1,M-SET GREY FLANNEL by GEOFFREY BEENE (2pcs) 4.0oz SPY EDT + 4.0oz AFTER SHAVE SPLASH MEN,32.00,18.00
1,M-SET HALSTON Z-14 (2pcs) 4.2oz SPY COLOGNE + 4.2oz AFTER SHAVE SPLASH MEN,32.00,18.00
1,M-SET MICHAEL JORDAN (3pcs) 3.4oz SPY EDC + 3.4oz S.G+3.4oz A.S M,32.00,18.00
1,"M-SET Royal Copenhagen 5pcs Set (3.3oz spy cologne, 3.3oz Hair & Body Wash, 2.5oz Deo Stick, Soap, Poker Playing Cards)",32.00,18.00
1,M-SET BIJAN (3pcs) 2.5oz SPY EDT 2.5oz DEODORANT STICK + 3.4oz SHOWER GEL MEN,34.00,20.00
1,M-SET CHRISTIAN AUDIGIER (3pcs) 3.4oz SPY EDT + 3.0oz SHOWER GEL + 2.75oz DEODORANT STICK MEN,34.00,20.00
1,M-SET FCUK (2pcs) 3.4oz SPY EDT + 6.7oz BODY SHAMPOO M,34.00,20.00
1,M-SET LAPIDUS (3pcs) 3.4oz SPY EDT + 3.3oz S.G+3.3oz A.S MEN,34.00,20.00
1,M-SET LIZ CLAIBORNE MAMBO (3pcs) 3.4oz SPY EDC + 3.4oz BODY WASH + 3.4oz BODY LOTION MEN,34.00,20.00
1,M-SET PAUL SEBASTIAN (2pcs) 4.0oz SPY EDT + 4.0oz AFTER SHAVE MEN,34.00,20.00
1,M-SET PERRY ELLIS 18 INTENSE(4pcs)3.4oz SPY EDT+0.25oz SPY EDT+2.75oz DEODORANT STICK+3.0oz A.S MEN,37.00,23.00
1,M-SET PERRY ELLIS 360 BLACK(4pcs)3.4oz SPY EDT+0.25oz SPY EDT+2.75oz DEODORANT STICK+3.0oz A.S MEN,37.00,23.00
1,M-SET PERRY ELLIS 360 WHITE(4pcs)3.4oz SPY EDT+0.25oz SPY EDT+2.75oz DEODORANT STICK+3.0oz A.S MEN,37.00,23.00
1,M-SET PERRY ELLIS HIM (4pcs) 3.4oz SPY EDT+ 0.25oz SPY EDT+ 2.75oz DEODORANT STICK+ 3.0oz S.G MEN,37.00,23.00
1,M-SET PERRY ELLIS MAN (4pcs) 3.4oz SPY EDT+ 0.25oz SPY EDT+ 2.75oz DEODORANT STICK+ 3.0oz A.S MEN,37.00,23.00
1,M-SET PERRY ELLIS RESERVE(4pcs)3.4oz SPY EDT+0.25oz SPY EDT+2.75oz DEODORANT STICK+3.0oz A.S MEN,37.00,23.00
1,M-SET LAGERFELD CLASSIC 4.2oz SPY EDT,39.00,25.00
1,M-SET LIZ CLAIBORNE CURVE (4pcs) 4.2oz SPY EDC + 0.5oz SPY EDC+ 2.5oz SKIN SOOTHER 2.5oz SHOWER GEL  M,39.00,25.00
1,M-SET LIZ CLAIBORNE CURVE 4.2oz M (DUFFLE BAG),39.00,25.00
1,M-SET LIZ CLAIBORNE CURVE CRUSH (4pcs) 4.2oz SPY EDC+0.5oz SPY EDC+2.5oz BODY LOTION+2.5oz S.G. MEN,39.00,25.00
1,M-SET MARC ECKO ECKO GREEN (2pcs) 3.4oz SPY EDT + 2.5oz DEO STICK M,39.00,25.00
1,M-SET PERRY ELLIS 18 3.4oz SPY EDT MEN,39.00,25.00
1,M-SET PERRY ELLIS 360 (4pcs) 3.4oz SPY EDT + 0.25oz SPY EDT + 3.0oz S.G+ 3.0oz A.S MEN,39.00,25.00
1,M-SET PERRY ELLIS 360 GREEN (4pcs) 3.4oz SPY EDT + 0.25oz SPY EDT + 3.0oz S.G+ 3.0oz A.S MEN,39.00,25.00
1,M-SET PERRY ELLIS M (4pcs) 3.4oz SPY EDT+ 0.25oz SPY EDT+ 2.75oz DEODORANT STICK+ 3.0oz A.S MEN,39.00,25.00
1,M-SET PERRY ELLIS NEW (2pcs) 3.4oz SPY EDT + 3.4oz AFTER SHAVE SPLASH MEN,39.00,25.00
1,M-SET PERRY ELLIS NIGHT (3pcs) 3.4oz SPY EDT+ 2.75oz DEODORANT STICK+ 3.0oz A.S MEN,39.00,25.00
1,M-SET PERRY ELLIS PLATINUM LABEL (3pcs) 3.4oz SPY EDT+ 2.75oz DEODORANT STICK+ 3.0oz A.S MEN,39.00,25.00
1,M-SET ROCA WEAR EVOLUTION (2pcs) 3.4oz SPY EDT + BRAND NAME WATCH MEN,39.00,25.00
1,M-SET USHER VIP 3.4oz SPY EDT M,39.00,25.00
1,M-SET KENNETH COLE SIGNATURE (3pcs) 3.4oz SPY EDT + 3.4oz AFTER SHAVE + 2.6oz DEODORANT STICK MEN,42.00,28.00
1,M-SET LANVIN LHOMME (3pcs) 3.3oz SPY EDT + 3.3oz AFTER SHAVE BALM + 3.3oz SHOWER GEL MEN,42.00,28.00
1,M-SET OSCAR DE LA RENTA POUR LUI (2pcs) 3.0oz + DEODORANT STICK M,42.00,28.00
1,M-SET PERRY ELLIS AQUA (4pcs) 3.4oz SPY EDT + 2.75oz DEODORANT STICK+ 3.0oz S.G + 3.0oz A.S MEN,42.00,28.00
1,M-SET TOMMY FREEDOM (2pcs) 3.4oz SPY EDT + 5.0oz SHOWER GEL MEN,42.00,28.00
1,M-SET USHER (3pcs) 3.4oz SPY EDT + 3.4oz AFTER SHAVE SOOTER + 2.6oz DEODORANT STICK MEN,42.00,28.00
1,M-SET CALVIN KLEIN ESCAPE (2pcs) 3.4oz SPY EDT + 6.7oz AFTER SHAVE BALM MEN (TRAVEL BOX),44.00,30.00
1,M-SET CARLO CORINTO 315 (4pcs) 3.4oz SPY EDT + 4.8oz A.S. + 4.8oz S.G.+ 5.2oz PERFUMED BAR SOAP MEN,44.00,30.00
1,M-SET CARLO CORINTO ROUGE (4pcs) 3.4oz SPY EDT+4.8oz A.S.+ 4.8oz S.G.+ 5.2oz PERFUMED BAR SOAP MEN,44.00,30.00
1,M-SET DAVIDOFF THE GAME 3.4oz SPY EDT + 2.5oz BODY WASH M,44.00,30.00
1,M-SET DAVIDOFF CHAMPION ENERGY (2pcs) 3.0oz SPY EDT + SPORTS FLASK MEN,44.00,30.00
1,M-SET DAVIDOFF SILVER SHADOWN (3pcs) 3.4oz SPY EDT + 1.7oz SHOWER GEL + 1.7oz AFTER SHAVE BALM MEN,44.00,30.00
1,M-SET ED HARDY BORN WILD (5pcs) 3.4oz EDT+0.25oz SPY EDT+3.0oz S.G.+ 2.75oz DEO + KEY CHAIN MEN,44.00,30.00
1,M-SET ED HARDY LOVE IS (3pcs) 3.4oz SPY EDT + 4.2oz AFTER SHAVE + 4.2oz BODY WASH M,44.00,30.00
1,M-SET ED HARDY SKULL & ROSES (4pcs) 3.4oz SPY EDT + 0.25oz EDT +3.0oz BODY WASH + 3.0oz AFTER SHAVE M,44.00,30.00
1,M-SET KENNETH COLE BLACK (3pcs) 3.4oz SPY EDT + 3.4oz AFTER SHAVE+ 2.6oz DEODORANT  M,44.00,30.00
1,M-SET CALVIN KLEIN CK ONE (2pcs) 6.7oz SPY EDT + 8.5oz BODY LOTION MEN,49.00,35.00
1,M-SET CALVIN KLEIN CK ONE SCHOCK (2pcs) 6.8oz SPY EDT + 3.4oz SHOWER GEL MEN,49.00,35.00
1,M-SET CALVIN KLEIN ETERNITY (3pcs) 3.4oz SPY EDT+ 2.6oz DEODORANT STICK+ 3.4oz AFTER SHAVE BALM MEN,49.00,35.00
1,M-SET CALVIN KLEIN ETERNITY AQUA 3.4oz SPY EDT M +3.4oz S.G+ 2.6 DEO(3pcs),49.00,35.00
1,M-SET CALVIN KLEIN EUPHORIA (3pcs) 3.4oz SPY EDT + 2.6oz DEODORANT STICK + 3.4oz AFTER SHAVE BALM MEN,49.00,35.00
1,M-SET DAVIDOFF COOL WATER (5pcs)  4.2oz SPY EDT + 1.7oz SHOWER GEL  1.7oz AFTER SHAVE BALM + 2.4oz DEODORANT  STICK +0.5oz SPY EDT,49.00,35.00
1,M-SET DONALD TRUMP SUCCESS (3pcs) 3.4oz SPY EDT +  2.5oz DOEODORANT STICK + 3.0oz SHOWER GEL MEN,49.00,35.00
1,M-SET DRAKKAR by GUY LAROCHE  (3pcs) 3.4oz SPY EDT + 2.6oz DEO STICK+3.4oz AFTER SHAVE MEN,49.00,35.00
1,M-SET DUNHILL FRESH (2pcs) 3.4oz SPY EDT + 5.0oz AFTER SHAVE BALM MEN,49.00,35.00
1,M-SET ED HARDY LOVE & LUCK (5pcs) 3.4oz SPY EDT+0.25oz SPY EDT+2.75oz DEO+3.0oz S.G.+I.D HOLDER MEN,49.00,35.00
1,M-SET HUGO BOSS BALDESSARINI (3pcs) 2.5oz SPY + 1.7oz SHOWER GEL + 1.4oz DEODORANT STICK MEN,49.00,35.00
1,M-SET JAY Z GOLD (3pcs)3.4oz SPY EDT+3.0oz A.F+3.0oz S.G MEN,49.00,35.00
1,M-SET JOOP (2pcs) 3.4oz SPY EDT+ 2.5oz AFTER SHAVE SPLASH M,49.00,35.00
1,M-SET KENNETH COLE REACTION (3PCS) 3.4oz SPY EDT + 3.4oz AFTER SHAVE BALM +2.5oz DEODORANT,49.00,35.00
1,M-SET KENNETH COLE VINTAGE BLACK (3pcs) 3.4oz SPY EDT+3.4oz AFTER SHAVE+2.7oz DEODORANT STICK MEN,49.00,35.00
1,M-SET LACOSTE L.12.12 EAU DE BLANC (2pcs) 3.3oz SPY EDT + 5.0oz SHOWER GEL MEN,49.00,35.00
1,M-SET PACO RABANNE (2pcs) 3.4oz SPY EDT + 3.4oz SHOWER GEL MEN METAL BOX,49.00,35.00
1,M-SET SALVADORE FERRAGAMO F BLACK 3.3oz SPY EDT +3.4oz SHOWER GEL+ 3.4oz AFTER SHAVE M,49.00,35.00
1,M-SET BVLGARI AQVA MARINE (2pcs) 3.4zo SPY EDT+ 5.0oz S/G M,52.00,38.00
1,M-SET BVLGARI MAN (2pcs) 3.4oz SPY EDT+ 0.5oz SPY EDT MEN,52.00,38.00
1,M-SET HUGO BOSS (3pcs) 4.2oz SPY EDT 1.6oz SHOWER GEL + 2.5oz AFTER SHAVE BALM MEN,52.00,38.00
1,M-SET KENNETH COLE MANKIND (4pcs) 3.4oz SPY EDT + 3.4oz A.F+ 2.6oz DEO+3.4oz B.WMEN,52.00,38.00
1,M-SET LACOSTE L.12.12 EAU DE NOIR (2pcs) 3.3oz SPY EDT + 5.0oz SHOWER GEL MEN,52.00,38.00
1,M-SET MONT BLANC EXCEPTIONNEL (3pcs) 2.5oz SPY EDT + 3.3oz AFTER SHAVE BALM 3.3oz SHOWER GEL MEN,52.00,38.00
1,M-SET MONT BLANC INDIVIDUAL (3pcs) 2.5 SPY EDT +3.4oz A.S + 3.4oz S.G M,52.00,38.00
1,M-SET MONT BLANC PRESENCE (3pcs) 2.5oz SPY EDT + 3.3oz AFTER SHAVE BALM 3.3oz SHOWER GEL MEN,52.00,38.00
1,M-SET CALVIN KLEIN OBSESSION (3pcs) 4.0oz SPY EDT+ 2.6oz DEODORANT STICK + 4.0oz ASB M,53.00,39.00
1,M-SET BURBERRY TOUCH (3pcs) 3.4oz SPY EDT 2*3.4oz SHOWER GEL MEN,54.00,40.00
1,M-SET CALVIN KLEIN EUPHORIA INTENSE (2pcs) 3.4oz SPY EDT+ 3.4oz AFTER SHAVE MEN,54.00,40.00
1,M-SET CAROLINA HERRERA CH SPORT (2pcs) 3.4oz SPY EDT + 3.4oz AFTER SHAVE M,54.00,40.00
1,M-SET DUNHILL DESIRE BLUE (2pcs) 3.4oz SPY EDT + 5.0oz AFTER SHAVE BALM MEN,54.00,40.00
1,M-SET GUERLAIN VETIVER (3pcs) 3.4oz SPY EDT + 2.5oz SHOWER GEL + 1.7oz DEODORANT SPY MEN,54.00,40.00
1,M-SET HUGO BOSS ELEMENTS NEW! (2pcs) 3.0oz SPY EDT + $10.00 !Tunes Card MEN,54.00,40.00
1,M-SET HUGO BOSS RED (3pcs) 4.2oz SPY EDT 1.6oz SHOWER GEL-2.4oz DEO STICK MEN,54.00,40.00
1,M-SET JENNI RIVERA EL SPORT (3pcs) 3.4oz SPY EDT + 3.4oz S.G+3.4oz A.S M,54.00,40.00
1,M-SET JENNI RIVERA EL (3pcs) 3.4oz SPY EDT + 3.4oz S.G+3.4oz A.S M,54.00,40.00
1,M-SET JOHN VARVATOS ARTISAN (2pcs) 4.2oz SPY EDT+0.57oz SPY EDT M,54.00,40.00
1,M-SET MICHAEL GERMAN SEXUAL 2.5oz SPY EDT M,54.00,40.00
1,M-SET MONT BLANC LEGEND (4pcs) 3.4oz SPY EDT+3.4oz A.F.+3.4oz S.G.+  BRAND NAME POUCH,54.00,40.00
1,M-SET PACO RABANNE XS BLACK (2pcs) 3.3oz SPY EDT + 3.3oz SHOWER GEL MEN,54.00,40.00
1,M-SET VINCE CAMUTO HOMME (3pcs) 3.4oz SPY EDT+0.5oz EDT+2.5oz DEODORANT STICK,54.00,40.00
1,M-SET BOUCHERON (3pcs) 3.3oz EDP SPY + 3.3oz AFTER SHAVE + 3.3oz SHOWER GEL MEN,59.00,45.00
1,M-SET CALVIN KLEIN CK ONE (4pcs) 6.7oz SPY EDT + 6.7oz BODY LOTION+ 3.4oz S.G.+ 0.5oz SPL EDT MEN,63.00,45.00
1,M-SET CALVIN KLEIN ENCOUNTER (2pcs) 3.4oz SPY EDT + 3.4oz SPY AFTER SHAVE MEN,63.00,45.00
1,M-SET CALVIN KLEIN OBSESSION DARK (3pcs) 4.2oz SPY EDT 2.6oz DEODORANT+3.4oz A.S MEN,63.00,45.00
1,M-SET CALVIN KLEIN OBSESSION ,49.00,
1,M-SET CAROLINA HERRERA HERRERA (2pcs) 3.4oz SPY EDT + 3.4oz AFTER SHAVE BALM MEN,75.00,45.00
1,M-SET GIVENCHY BLUE LABEL (3pcs) 3.3oz SPY EDT+ 2.5oz SHOWER GEL+2.5oz AFTER SHAVE M,63.00,45.00
1,M-SET GUERLAIN HABIT ROUGE (3pcs) 3.3oz SPY EDT + 2.5oz SHOWER GEL + 1.7oz DEODORANT SPY MEN,63.00,45.00
1,M-SET GUERLAIN POR HOMME (3pcs) 2.7oz SPY EDT + 2.5oz SHOWER GEL + 1.7oz DEODORANT SPY MEN,63.00,45.00
1,M-SET HUGO BOSS JUST DIFFERENT (3pcs) 4.2oz SPY EDT + 1.7oz S.G+ 2.5oz DEODORANT STICK M,63.00,45.00
1,M-SET PACO RABANNE ULTRAVIOLET (2pcs) 3.4oz SPY EDT + 2.7oz DEODORANT STICK MEN,63.00,45.00
1,M-SET SEAN JOHNN I AM KING (3pcs) 3.4oz SPY EDT+ 3.4oz S.G.+ 3.4oz A.F MEN.,63.00,45.00
1,M-SET SEAN JOHNN UNFORGIVABLE (3pcs) 4.2oz SPY EDT+ 3.4oz S.G.+ 3.4oz A.F MEN.,63.00,45.00
1,M-SET THIERRY MUGLER COLOGNE (3pcs) 3.4oz SPY EDT + 4.4oz SHOWER GEL + TRAVEL BAG MEN,63.00,45.00
1,M-SET VERSACE EAU D FRAICHE (4pcs) 3.4oz SPY EDT+1.7oz AFTER SHAVE+1.7oz SHOWER GEL+BRAND NAME WALLLET MEN,63.00,45.00
1,M-SET VERSACE POUR HOME (4pcs) 3.4oz SPY EDT+1.7oz SHAMPOO+1.7oz A.S+WALLET M,63.00,45.00
1,M-SET CARTIER PASHA 3.4oz SPY EDT M,66.00,48.00
1,M-SET ISSEY MIYAKE SPORT (3pcs) 3.3oz SPY EDT + 2.5oz SHOWER GEL + TRAVEL BAG MEN,66.00,48.00
1,M-SET VERSACE EROS (4pcs) 3.4oz SPY EDT+1.7oz AFTER SHAVE+1.7oz SHOWER GEL+BRAND NAME WALLLET MEN,66.00,48.00
1,M-SET YSL KOUROS (2pcs) 3.3oz SPY EDT + 3.3oz SHOWER GEL MEN,66.00,48.00
1,M-SET CAROLINA HERRERA 212 (2pcs) 3.4oz SPY EDT+ 3.4oz A/F M,75.00,50.00
1,M-SET CAROLINA HERRERA 212 SEXY 3.4oz SPY EDT M,68.00,50.00
1,M-SET DOLCE & GABBANA LIGHT BLUE (3pcs) 4.2oz SPY EDT + 1.7oz SHOWER GEL + 2.5oz AFTER SHAVE M,68.00,50.00
1,M-SET DOLCE & GABBANA (3pcs) 4.2oz SPY EDT + 3.3oz AFTER SHAVE BALM + 1.6oz SHOWER GEL MEN,73.00,55.00
1,M-SET DOLCE & GABBANA THE ONE (3pcs) 3.4oz SPY EDT + 2.5oz AFTER SHAVE BALM + 1.6oz SHOWER GEL MEN,73.00,55.00
1,M-SET YSL LHOMME (2pcs) 3.3oz SPY EDT + 3.3oz SHOWER GEL MEN,73.00,55.00
