PAGINA,DESCRIPCION,PRECIO,,,,,,
2,REG100 REGINA FULL,96.50,,,,,,
2,REG100 REGINA QUEEN,96.50,,,,,,
2,REG100 REGINA KING,110.50,,,,,,
2,REG101 CORTINAS REGINA,28.50,,,,,,
2,REG102 JUEGO DE SABANAS REGINA FULL,34.99,,,,,,
2,REG102 JUEGO DE SABANAS REGINA QUEEN,34.99,,,,,,
2,REG102 JUEGO DE SABANAS REGINA KING,41.99,,,,,,
3,REG100 REGINA FULL,96.50,,,,,,
3,REG100 REGINA QUEEN,96.50,,,,,,
3,REG100 REGINA KING,110.50,,,,,,
3,REG101 CORTINAS REGINA,28.50,,,,,,
3,REG102 JUEGO DE SABANAS REGINA FULL,34.99,,,,,,
3,REG102 JUEGO DE SABANAS REGINA QUEEN,34.99,,,,,,
3,REG102 JUEGO DE SABANAS REGINA KING,41.99,,,,,,
4,SIE100 SIENNA FULL,114.99,,,,,,
4,SIE100 SIENNA QUEEN,125.99,,,,,,
4,SIE100 SIENNA KING,136.99,,,,,,
4,SIE101 CORTINAS SIENNA,28.50,,,,,,
5,SIE100 SIENNA FULL,114.99,,,,,,
5,SIE100 SIENNA QUEEN,125.99,,,,,,
5,SIE100 SIENNA KING,136.99,,,,,,
5,SIE101 CORTINAS SIENNA,28.50,,,,,,
6,EXC100 EXCELENCIA FULL,110.99,,,,,,
6,EXC100 EXCELENCIA QUEEN,125.99,,,,,,
6,EXC100 EXCELENCIA KING,136.50,,,,,,
6,EXC101 CORTINAS EXCELENCIA,28.50,,,,,,
6,EXC102 JUEGO DE SABANAS EXCELENCIA FULL,34.99,,,,,,
6,EXC102 JUEGO DE SABANAS EXCELENCIA QUEEN,36.99,,,,,,
6,EXC102 JUEGO DE SABANAS EXCELENCIA KING,41.99,,,,,,
7,EXC100 EXCELENCIA FULL,110.99,,,,,,
7,EXC100 EXCELENCIA QUEEN,125.99,,,,,,
7,EXC100 EXCELENCIA KING,136.50,,,,,,
7,EXC101 CORTINAS EXCELENCIA,28.50,,,,,,
7,EXC102 JUEGO DE SABANAS EXCELENCIA FULL,34.99,,,,,,
7,EXC102 JUEGO DE SABANAS EXCELENCIA QUEEN,36.99,,,,,,
7,EXC102 JUEGO DE SABANAS EXCELENCIA KING,41.99,,,,,,
8,SUM101 SUMMER FULL,88.99,,,,,,
8,SUM101 SUMMER QUEEN,88.99,,,,,,
8,SUM101 SUMMER KING,99.99,,,,,,
8,SUM102 CORTINAS SUMMER,28.50,,,,,,
8,SUM103 JUEGO DE SABANAS SUMMER FULL,34.99,,,,,,
8,SUM103 JUEGO DE SABANAS SUMMER QUEEN,34.99,,,,,,
8,SUM103 JUEGO DE SABANAS SUMMER KING,41.99,,,,,,
9,SUM101 SUMMER FULL,88.99,,,,,,
9,SUM101 SUMMER QUEEN,88.99,,,,,,
9,SUM101 SUMMER KING,99.99,,,,,,
9,SUM102 CORTINAS SUMMER,28.50,,,,,,
9,SUM103 JUEGO DE SABANAS SUMMER FULL,34.99,,,,,,
9,SUM103 JUEGO DE SABANAS SUMMER QUEEN,34.99,,,,,,
9,SUM103 JUEGO DE SABANAS SUMMER KING,41.99,,,,,,
10,KIO100 KIOTO FULL,76.50,,,,,,
10,KIO100 KIOTO QUEEN,85.99,,,,,,
10,KIO100 KIOTO KING,94.50,,,,,,
10,KIO101 CORTINAS KIOTO CON BALANCE,31.50,,,,,,
10,KIO102 JUEGO DE SABANAS KIOTO FULL,34.99,,,,,,
10,KIO102 JUEGO DE SABANAS KIOTO QUEEN,36.99,,,,,,
10,KIO102 JUEGO DE SABANAS KIOTO KING,41.99,,,,,,
11,KIO100 KIOTO FULL,76.50,,,,,,
11,KIO100 KIOTO QUEEN,85.99,,,,,,
11,KIO100 KIOTO KING,94.50,,,,,,
11,KIO101 CORTINAS KIOTO CON BALANCE,31.50,,,,,,
11,KIO102 JUEGO DE SABANAS KIOTO FULL,34.99,,,,,,
11,KIO102 JUEGO DE SABANAS KIOTO QUEEN,36.99,,,,,,
11,KIO102 JUEGO DE SABANAS KIOTO KING,41.99,,,,,,
12,FIO105 FIONA FULL,97.99,,,,,,
12,FIO105 FIONA QUEEN,107.50,,,,,,
12,FIO105 FIONA KING,117.99,,,,,,
12,FIO106 CORTINAS FIONA,28.50,,,,,,
12,FIO107 JUEGO DE SABANAS FIONA FULL,34.99,,,,,,
12,FIO107 JUEGO DE SABANAS FIONA QUEEN,36.99,,,,,,
12,FIO107 JUEGO DE SABANAS FIONA KING,41.99,,,,,,
13,FIO105 FIONA FULL,97.99,,,,,,
13,FIO105 FIONA QUEEN,107.50,,,,,,
13,FIO105 FIONA KING,117.99,,,,,,
13,FIO106 CORTINAS FIONA,28.50,,,,,,
13,FIO107 JUEGO DE SABANAS FIONA FULL,34.99,,,,,,
13,FIO107 JUEGO DE SABANAS FIONA QUEEN,36.99,,,,,,
13,FIO107 JUEGO DE SABANAS FIONA KING,41.99,,,,,,
14,DAN102 DANNA FULL,81.50,,,,,,
14,DAN102 DANNA QUEEN,81.50,,,,,,
14,DAN102 DANNA KING,94.50,,,,,,
14,DAN103 CORTINAS DANNA,28.50,,,,,,
14,DAN104 JUEGO DE SABANAS DANNA FULL,34.99,,,,,,
14,DAN104 JUEGO DE SABANAS DANNA QUEEN,34.99,,,,,,
14,DAN104 JUEGO DE SABANAS DANNA KING,41.99,,,,,,
15,DAN102 DANNA FULL,81.50,,,,,,
15,DAN102 DANNA QUEEN,81.50,,,,,,
15,DAN102 DANNA KING,94.50,,,,,,
15,DAN103 CORTINAS DANNA,28.50,,,,,,
15,DAN104 JUEGO DE SABANAS DANNA FULL,34.99,,,,,,
15,DAN104 JUEGO DE SABANAS DANNA QUEEN,34.99,,,,,,
15,DAN104 JUEGO DE SABANAS DANNA KING,41.99,,,,,,
16,ALY102 ALYSA FULL,96.50,,,,,,
16,ALY102 ALYSA QUEEN,107.50,,,,,,
16,ALY102 ALYSA KING,118.50,,,,,,
16,ALY103 CORTINAS ALYSA CON BALANCE,31.50,,,,,,
16,ALY104 JUEGO DE SABANAS ALYSA FULL,34.99,,,,,,
16,ALY104 JUEGO DE SABANAS ALYSA QUEEN,36.99,,,,,,
16,ALY104 JUEGO DE SABANAS ALYSA KING,41.99,,,,,,
17,ALY102 ALYSA FULL,96.50,,,,,,
17,ALY102 ALYSA QUEEN,107.50,,,,,,
17,ALY102 ALYSA KING,118.50,,,,,,
17,ALY103 CORTINAS ALYSA CON BALANCE,31.50,,,,,,
17,ALY104 JUEGO DE SABANAS ALYSA FULL,34.99,,,,,,
17,ALY104 JUEGO DE SABANAS ALYSA QUEEN,36.99,,,,,,
17,ALY104 JUEGO DE SABANAS ALYSA KING,41.99,,,,,,
18,PRA100 PRAGA TWIN,80.50,,,,,,
18,PRA100 PRAGA FULL,103.50,,,,,,
18,PRA100 PRAGA QUEEN,114.99,,,,,,
18,PRA100 PRAGA KING,125.99,,,,,,
18,PRA101 CORTINAS PRAGA,28.50,,,,,,
18,PRA102 JUEGO DE SABANAS PRAGA,25.50,,,,,,
18,PRA102 JUEGO DE SABANAS PRAGA,25.50,,,,,,
18,PRA102 JUEGO DE SABANAS PRAGA,25.50,,,,,,
18,PRA102 JUEGO DE SABANAS PRAGA,25.50,,,,,,
19,PRA100 PRAGA TWIN,80.50,,,,,,
19,PRA100 PRAGA FULL,103.50,,,,,,
19,PRA100 PRAGA QUEEN,114.99,,,,,,
19,PRA100 PRAGA KING,125.99,,,,,,
19,PRA101 CORTINAS PRAGA,28.50,,,,,,
19,PRA102 JUEGO DE SABANAS PRAGA,25.50,,,,,,
19,PRA102 JUEGO DE SABANAS PRAGA,25.50,,,,,,
19,PRA102 JUEGO DE SABANAS PRAGA,25.50,,,,,,
19,PRA102 JUEGO DE SABANAS PRAGA,25.50,,,,,,
20,HEL100 HELENY FULL,103.50,,,,,,
20,HEL100 HELENY QUEEN,110.50,,,,,,
20,HEL100 HELENY KING,118.50,,,,,,
20,HEL101 CORTINAS HELENY,28.50,,,,,,
21,HEL100 HELENY FULL,103.50,,,,,,
21,HEL100 HELENY QUEEN,110.50,,,,,,
21,HEL100 HELENY KING,118.50,,,,,,
21,HEL101 CORTINAS HELENY,28.50,,,,,,
22,EMP101 EMPERATRIZ FULL,103.50,,,,,,
22,EMP101 EMPERATRIZ QUEEN,110.99,,,,,,
22,EMP101 EMPERATRIZ KING,121.99,,,,,,
22,EMP102 CORTINAS EMPERATRIZ CON BALANCE,33.50,,,,,,
23,EMP101 EMPERATRIZ FULL,103.50,,,,,,
23,EMP101 EMPERATRIZ QUEEN,110.99,,,,,,
23,EMP101 EMPERATRIZ KING,121.99,,,,,,
23,EMP102 CORTINAS EMPERATRIZ CON BALANCE,33.50,,,,,,
24,ERI101 ERIN FULL,107.50,,,,,,
24,ERI101 ERIN QUEEN,118.50,,,,,,
24,ERI101 ERIN KING,125.99,,,,,,
24,ERI102 CORTINAS ERIN,28.50,,,,,,
25,ERI101 ERIN FULL,107.50,,,,,,
25,ERI101 ERIN QUEEN,118.50,,,,,,
25,ERI101 ERIN KING,125.99,,,,,,
25,ERI102 CORTINAS ERIN,28.50,,,,,,
26,PAS100 PASCAL FULL,99.99,,,,,,
26,PAS100 PASCAL QUEEN,110.99,,,,,,
26,PAS100 PASCAL KING,121.99,,,,,,
26,PAS101 CORTINAS PASCAL CON BALANCE,31.50,,,,,,
27,PAS100 PASCAL FULL,99.99,,,,,,
27,PAS100 PASCAL QUEEN,110.99,,,,,,
27,PAS100 PASCAL KING,121.99,,,,,,
27,PAS101 CORTINAS PASCAL CON BALANCE,31.50,,,,,,
28,RUB100 RUBY FULL,112.50,,,,,,
28,RUB100 RUBY QUEEN,125.99,,,,,,
28,RUB100 RUBY KING,136.99,,,,,,
28,RUB101 CORTINAS RUBY,28.50,,,,,,
29,RUB100 RUBY FULL,112.50,,,,,,
29,RUB100 RUBY QUEEN,125.99,,,,,,
29,RUB100 RUBY KING,136.99,,,,,,
29,RUB101 CORTINAS RUBY,28.50,,,,,,
30,NAU101 NAUTIC TWIN,59.50,,,,,,
30,NAU101 NAUTIC FULL,70.50,,,,,,
30,NAU101 NAUTIC QUEEN,77.99,,,,,,
30,NAU102 CORTINAS NAUTIC,28.50,,,,,,
30,NAU103 JUEGO DE SABANAS NAUTIC TWIN,25.50,,,,,,
30,NAU103 JUEGO DE SABANAS NAUTIC FULL,25.50,,,,,,
30,NAU103 JUEGO DE SABANAS NAUTIC QUEEN,25.50,,,,,,
31,NAU101 NAUTIC TWIN,59.50,,,,,,
31,NAU101 NAUTIC FULL,70.50,,,,,,
31,NAU101 NAUTIC QUEEN,77.99,,,,,,
31,NAU102 CORTINAS NAUTIC,28.50,,,,,,
31,NAU103 JUEGO DE SABANAS NAUTIC TWIN,25.50,,,,,,
31,NAU103 JUEGO DE SABANAS NAUTIC FULL,25.50,,,,,,
31,NAU103 JUEGO DE SABANAS NAUTIC QUEEN,25.50,,,,,,
32,JER102 JERSEY TWIN,59.50,,,,,,
32,JER102 JERSEY FULL,70.50,,,,,,
32,JER102 JERSEY QUEEN,77.99,,,,,,
32,JER102 JERSEY KING,87.50,,,,,,
32,JER103 CORTINAS JERSEY,28.50,,,,,,
32,JER104 JUEGO DE SABANAS JERSEY TWIN,25.50,,,,,,
32,JER104 JUEGO DE SABANAS JERSEY FULL,34.99,,,,,,
32,JER104 JUEGO DE SABANAS JERSEY QUEEN,36.99,,,,,,
32,JER104 JUEGO DE SABANAS JERSEY KING,41.99,,,,,,
33,JER102 JERSEY TWIN,59.50,,,,,,
33,JER102 JERSEY FULL,70.50,,,,,,
33,JER102 JERSEY QUEEN,77.99,,,,,,
33,JER102 JERSEY KING,87.50,,,,,,
33,JER103 CORTINAS JERSEY,28.50,,,,,,
33,JER104 JUEGO DE SABANAS JERSEY TWIN,25.50,,,,,,
33,JER104 JUEGO DE SABANAS JERSEY FULL,34.99,,,,,,
33,JER104 JUEGO DE SABANAS JERSEY QUEEN,36.99,,,,,,
33,JER104 JUEGO DE SABANAS JERSEY KING,41.99,,,,,,
34,RAL100 RALPH TWIN,92.50,,,,,,
34,RAL100 RALPH FULL,110.99,,,,,,
34,RAL100 RALPH QUEEN,121.99,,,,,,
34,RAL100 RALPH KING,134.99,,,,,,
34,RAL101 CORTINAS RALPH,28.50,,,,,,
35,RAL100 RALPH TWIN,92.50,,,,,,
35,RAL100 RALPH FULL,110.99,,,,,,
35,RAL100 RALPH QUEEN,121.99,,,,,,
35,RAL100 RALPH KING,134.99,,,,,,
35,RAL101 CORTINAS RALPH,28.50,,,,,,
36,ROS117 ROSAURA FULL,51.99,,,,,,
36,ROS117 ROSAURA QUEEN,51.99,,,,,,
36,ROS117 ROSAURA KING,61.99,,,,,,
36,ROS118 CORTINAS ROSAURA,28.50,,,,,,
36,ROS119 JUEGO DE SABANAS ROSAURA FULL,34.99,,,,,,
36,ROS119 JUEGO DE SABANAS ROSAURA QUEEN,34.99,,,,,,
36,ROS119 JUEGO DE SABANAS ROSAURA KING,41.99,,,,,,
37,ROS117 ROSAURA FULL,51.99,,,,,,
37,ROS117 ROSAURA QUEEN,51.99,,,,,,
37,ROS117 ROSAURA KING,61.99,,,,,,
37,ROS118 CORTINAS ROSAURA,28.50,,,,,,
37,ROS119 JUEGO DE SABANAS ROSAURA FULL,34.99,,,,,,
37,ROS119 JUEGO DE SABANAS ROSAURA QUEEN,34.99,,,,,,
37,ROS119 JUEGO DE SABANAS ROSAURA KING,41.99,,,,,,
38,ANI100 ANISA FULL,62.99,,,,,,
38,ANI100 ANISA QUEEN,62.99,,,,,,
38,ANI100 ANISA KING,70.50,,,,,,
38,ANI101 CORTINAS ANISA,28.50,,,,,,
38,ANI102 JUEGO DE SABANAS ANISA FULL,34.99,,,,,,
38,ANI102 JUEGO DE SABANAS ANISA QUEEN,34.99,,,,,,
38,ANI102 JUEGO DE SABANAS ANISA KING,41.99,,,,,,
39,LET100 LETICIA FULL,53.50,,,,,,
39,LET100 LETICIA QUEEN,53.50,,,,,,
39,LET100 LETICIA KING,63.99,,,,,,
39,LET101 CORTINAS LETICIA,28.50,,,,,,
39,LET102 JUEGO DE SABANAS LETICIA FULL,34.99,,,,,,
39,LET102 JUEGO DE SABANAS LETICIA QUEEN,34.99,,,,,,
39,LET102 JUEGO DE SABANAS LETICIA KING,41.99,,,,,,
40,NUR100 NURYS,47.99,,,,,,
40,NUR100 NURYS,58.50,,,,,,
40,NUR100 NURYS,62.99,,,,,,
40,NUR100 NURYS,70.50,,,,,,
40,NUR101 CORTINAS NURYS,28.50,,,,,,
40,NUR102 JUEGO DE SABANAS NURYS TWIN,25.50,,,,,,
40,NUR102 JUEGO DE SABANAS NURYS FULL,34.99,,,,,,
40,NUR102 JUEGO DE SABANAS NURYS QUEEN,36.99,,,,,,
40,NUR102 JUEGO DE SABANAS NURYS KING,41.99,,,,,,
41,CON103 CONGO FULL,50.50,,,,,,
41,CON103 CONGO QUEEN,56.50,,,,,,
41,CON103 CONGO KING,65.50,,,,,,
41,CON104 CORTINAS CONGO,28.50,,,,,,
41,CON105 JUEGO DE SABANAS CONGO FULL,34.99,,,,,,
41,CON105 JUEGO DE SABANAS CONGO QUEEN,36.99,,,,,,
41,CON105 JUEGO DE SABANAS CONGO KING,41.99,,,,,,
42,EDN100 EDNA FULL,58.99,,,,,,
42,EDN100 EDNA QUEEN,58.99,,,,,,
42,EDN100 EDNA KING,70.50,,,,,,
42,EDN101 CORTINAS EDNA,28.50,,,,,,
42,EDN102 JUEGO DE SABANAS EDNA FULL,34.99,,,,,,
42,EDN102 JUEGO DE SABANAS EDNA QUEEN,34.99,,,,,,
42,EDN102 JUEGO DE SABANAS EDNA KING,41.99,,,,,,
43,REB100 REBECA FULL,53.50,,,,,,
43,REB100 REBECA QUEEN,53.50,,,,,,
43,REB100 REBECA KING,63.99,,,,,,
43,REB101 CORTINAS REBECA,28.50,,,,,,
43,REB102 JUEGO DE SABANAS REBECA FULL,34.99,,,,,,
43,REB102 JUEGO DE SABANAS REBECA QUEEN,34.99,,,,,,
43,REB102 JUEGO DE SABANAS REBECA KING,41.99,,,,,,
44,MON118 MONACO TWIN,39.99,,,,,,
44,MON118 MONACO FULL,47.99,,,,,,
44,MON118 MONACO QUEEN,53.50,,,,,,
44,MON118 MONACO KING,59.50,,,,,,
44,MON119 CORTINAS MONACO,28.50,,,,,,
45,COF100 COFFEE FULL,59.50,,,,,,
45,COF100 COFFEE QUEEN,66.50,,,,,,
45,COF100 COFFEE KING,73.99,,,,,,
45,COF101 CORTINAS COFFEE,28.50,,,,,,
45,COF102 JUEGO DE SABANAS COFFEE FULL,34.99,,,,,,
45,COF102 JUEGO DE SABANAS COFFEE QUEEN,36.99,,,,,,
45,COF102 JUEGO DE SABANAS COFFEE KING,41.99,,,,,,
46,EDI100 EDITH FULL,53.50,,,,,,
46,EDI100 EDITH QUEEN,53.50,,,,,,
46,EDI100 EDITH KING,63.99,,,,,,
46,EDI101 CORTINAS EDITH,28.50,,,,,,
46,EDI102 JUEGO DE SABANAS EDITH FULL,34.99,,,,,,
46,EDI102 JUEGO DE SABANAS EDITH QUEEN,34.99,,,,,,
46,EDI102 JUEGO DE SABANAS EDITH KING,41.99,,,,,,
47,DAN105 DANIRA FULL,58.99,,,,,,
47,DAN105 DANIRA QUEEN,58.99,,,,,,
47,DAN105 DANIRA KING,70.50,,,,,,
47,DAN106 CORTINAS DANIRA,28.50,,,,,,
47,DAN107 JUEGO DE SABANAS DANIRA FULL,34.99,,,,,,
47,DAN107 JUEGO DE SABANAS DANIRA QUEEN,34.99,,,,,,
47,DAN107 JUEGO DE SABANAS DANIRA KING,41.99,,,,,,
48,LIL103 LILIANA TWIN,47.99,,,,,,
48,LIL103 LILIANA FULL,56.99,,,,,,
48,LIL103 LILIANA QUEEN,61.99,,,,,,
48,LIL103 LILIANA KING,70.50,,,,,,
48,LIL104 CORTINAS LILIANA,28.50,,,,,,
48,LIL105 JUEGO DE SABANAS LILIANA TWIN,25.50,,,,,,
48,LIL105 JUEGO DE SABANAS LILIANA FULL,34.99,,,,,,
48,LIL105 JUEGO DE SABANAS LILIANA QUEEN,36.99,,,,,,
48,LIL105 JUEGO DE SABANAS LILIANA KING,41.99,,,,,,
49,DIA102 DIAMANTE VINO FULL,55.50,,,,,,
49,DIA102 DIAMANTE VINO QUEEN,61.50,,,,,,
49,DIA102 DIAMANTE VINO KING,70.50,,,,,,
49,DIA103 CORTINAS DIAMANTE VINO CON BALANCE,31.50,,,,,,
50,ATH100 ATHENEA FULL,44.50,,,,,,
50,ATH100 ATHENEA QUEEN,49.50,,,,,,
51,ROS120 ROSAS FULL,44.50,,,,,,
51,ROS120 ROSAS QUEEN,49.50,,,,,,
52,ELL100 ELLERY FULL,44.50,,,,,,
52,ELL100 ELLERY QUEEN,49.50,,,,,,
53,PRO101 PROTECTOR DE COLCHON IMPERMEABLE TWIN,21.99,,,,,,
53,PRO101 PROTECTOR DE COLCHON IMPERMEABLE FULL,28.50,,,,,,
53,PRO101 PROTECTOR DE COLCHON IMPERMEABLE QUEEN,31.99,,,,,,
53,PRO101 PROTECTOR DE COLCHON IMPERMEABLE KING,37.99,,,,,,
54,JUEGO DE SABANAS ESTAMPADAS,,,,,,,
54,JUEGO DE SABANAS ESTAMPADAS Regina FULL ,34.99,,,,,,
54,JUEGO DE SABANAS ESTAMPADAS Regina QUEEN ,34.99,,,,,,
54,JUEGO DE SABANAS ESTAMPADAS Regina KING ,41.99,,,,,,
54,JUEGO DE SABANAS ESTAMPADAS Summer FULL ,34.99,,,,,,
54,JUEGO DE SABANAS ESTAMPADAS Summer QUEEN ,34.99,,,,,,
54,JUEGO DE SABANAS ESTAMPADAS Summer KING,41.99,,,,,,
54,JUEGO DE SABANAS ESTAMPADAS Danna FULL ,34.99,,,,,,
54,JUEGO DE SABANAS ESTAMPADAS Danna QUEEN ,34.99,,,,,,
54,JUEGO DE SABANAS ESTAMPADAS Danna KING ,41.99,,,,,,
54,JUEGO DE SABANAS ESTAMPADAS Rosaura FULL ,34.99,,,,,,
54,JUEGO DE SABANAS ESTAMPADAS Rosaura QUEEN ,34.99,,,,,,
54,JUEGO DE SABANAS ESTAMPADAS Rosaura KING ,41.99,,,,,,
54,JUEGO DE SABANAS ESTAMPADAS Anisa FULL ,34.99,,,,,,
54,JUEGO DE SABANAS ESTAMPADAS Anisa QUEEN,34.99,,,,,,
54,JUEGO DE SABANAS ESTAMPADA Anisa KING,41.99,,,,,,
54,JUEGO DE SABANAS ESTAMPADA Edna FULL,34.99,,,,,,
54,JUEGO DE SABANAS ESTAMPADA Edna QUEEN,34.99,,,,,,
54,JUEGO DE SABANAS ESTAMPADA Edna KING,41.99,,,,,,
54,JUEGO DE SABANAS ESTAMPADA Leticia FULL,34.99,,,,,,
54,JUEGO DE SABANAS ESTAMPADA Leticia QUEEN,34.99,,,,,,
54,JUEGO DE SABANAS ESTAMPADA Leticia KING,41.99,,,,,,
54,JUEGO DE SABANAS ESTAMPADA Rebeca FULL,34.99,,,,,,
54,JUEGO DE SABANAS ESTAMPADA Rebeca QUEEN,34.99,,,,,,
54,JUEGO DE SABANAS ESTAMPADA Rebeca KING,41.99,,,,,,
54,JUEGO DE SABANAS ESTAMPADA Edith FULL,34.99,,,,,,
54,JUEGO DE SABANAS ESTAMPADA Edith QUEEN,34.99,,,,,,
54,JUEGO DE SABANAS ESTAMPADA Edith KING,41.99,,,,,,
54,JUEGO DE SABANAS ESTAMPADA Danira FULL,34.99,,,,,,
54,JUEGO DE SABANAS ESTAMPADA Danira QUEEN,34.99,,,,,,
54,JUEGO DE SABANAS ESTAMPADA Danira KING,41.99,,,,,,
55,JUEGO DE SABANAS ESTAMPADAS Excelencia TWIN,25.50,,,,,,
55,JUEGO DE SABANAS ESTAMPADAS Excelencia FULL,34.99,,,,,,
55,JUEGO DE SABANAS ESTAMPADAS Excelencia QUEEN,36.99,,,,,,
55,JUEGO DE SABANAS ESTAMPADAS Excelencia KING,41.99,,,,,,
55,JUEGO DE SABANAS ESTAMPADAS Kioto TWIN,25.50,,,,,,
55,JUEGO DE SABANAS ESTAMPADAS Kioto FULL,34.99,,,,,,
55,JUEGO DE SABANAS ESTAMPADAS Kioto QUEEN,36.99,,,,,,
55,JUEGO DE SABANAS ESTAMPADAS Kioto KING,41.99,,,,,,
55,JUEGO DE SABANAS ESTAMPADAS Fiona TWIN,25.50,,,,,,
55,JUEGO DE SABANAS ESTAMPADAS Fiona FULL,34.99,,,,,,
55,JUEGO DE SABANAS ESTAMPADAS Fiona QUEEN,36.99,,,,,,
55,JUEGO DE SABANAS ESTAMPADAS Fiona KING,41.99,,,,,,
55,JUEGO DE SABANAS ESTAMPADAS Alysa TWIN,25.50,,,,,,
55,JUEGO DE SABANAS ESTAMPADAS Alysa FULL,34.99,,,,,,
55,JUEGO DE SABANAS ESTAMPADAS Alysa QUEEN,36.99,,,,,,
55,JUEGO DE SABANAS ESTAMPADAS Alysa KING,41.99,,,,,,
55,JUEGO DE SABANAS ESTAMPADAS Praga TWIN,25.50,,,,,,
55,JUEGO DE SABANAS ESTAMPADAS Praga FULL,34.99,,,,,,
55,JUEGO DE SABANAS ESTAMPADAS Praga QUEEN,36.99,,,,,,
55,JUEGO DE SABANAS ESTAMPADAS Praga KING,41.99,,,,,,
55,JUEGO DE SABANAS ESTAMPADAS Nurys TWIN,25.50,,,,,,
55,JUEGO DE SABANAS ESTAMPADAS Nurys FULL,34.99,,,,,,
55,JUEGO DE SABANAS ESTAMPADAS Nurys QUEEN,36.99,,,,,,
55,JUEGO DE SABANAS ESTAMPADAS Nurys KING,41.99,,,,,,
55,JUEGO DE SABANAS ESTAMPADAS Congo TWIN,25.50,,,,,,
55,JUEGO DE SABANAS ESTAMPADAS Congo FULL,34.99,,,,,,
55,JUEGO DE SABANAS ESTAMPADAS Congo QUEEN,36.99,,,,,,
55,JUEGO DE SABANAS ESTAMPADAS Congo KING,41.99,,,,,,
55,JUEGO DE SABANAS ESTAMPADAS Coffee TWIN,25.50,,,,,,
55,JUEGO DE SABANAS ESTAMPADAS Coffee FULL,34.99,,,,,,
55,JUEGO DE SABANAS ESTAMPADAS Coffee QUEEN,36.99,,,,,,
55,JUEGO DE SABANAS ESTAMPADAS Coffee KING,41.99,,,,,,
55,JUEGO DE SABANAS ESTAMPADAS Liliana TWIN,25.50,,,,,,
55,JUEGO DE SABANAS ESTAMPADAS Liliana FULL,34.99,,,,,,
55,JUEGO DE SABANAS ESTAMPADAS Liliana QUEEN,36.99,,,,,,
55,JUEGO DE SABANAS ESTAMPADAS Liliana KING,41.99,,,,,,
55,JUEGO DE SABANAS ESTAMPADASJersey TWIN,25.50,,,,,,
55,JUEGO DE SABANAS ESTAMPADAS Jersey FULL,34.99,,,,,,
55,JUEGO DE SABANAS ESTAMPADAS Jersey QUEEN,36.99,,,,,,
55,JUEGO DE SABANAS ESTAMPADAS Jersey KING,41.99,,,,,,
56,JUEGO DE SABANAS ESTAMPADAS Happy Monkey TWIN,25.50,,,,,,
56,JUEGO DE SABANAS ESTAMPADAS Happy Monkey FULL,34.99,,,,,,
56,JUEGO DE SABANAS ESTAMPADAS Happy Monkey QUEEN,36.99,,,,,,
56,JUEGO DE SABANAS ESTAMPADAS Happy Monkey KING,41.99,,,,,,
56,JUEGO DE SABANAS ESTAMPADAS Viany  TWIN,25.50,,,,,,
56,JUEGO DE SABANAS ESTAMPADAS Viany FULL,34.99,,,,,,
56,JUEGO DE SABANAS ESTAMPADAS Viany QUEEN,36.99,,,,,,
56,JUEGO DE SABANAS ESTAMPADAS Viany KING,41.99,,,,,,
56,JUEGO DE SABANAS ESTAMPADAS Pinky TWIN,25.50,,,,,,
56,JUEGO DE SABANAS ESTAMPADAS Pinky FULL,34.99,,,,,,
56,JUEGO DE SABANAS ESTAMPADAS Pinky QUEEN,36.99,,,,,,
56,JUEGO DE SABANAS ESTAMPADAS Pinky KING,41.99,,,,,,
56,JUEGO DE SABANAS ESTAMPADAS Anairis TWIN,25.50,,,,,,
56,JUEGO DE SABANAS ESTAMPADAS Anairis FULL,34.99,,,,,,
56,JUEGO DE SABANAS ESTAMPADAS Anairis QUEEN,36.99,,,,,,
56,JUEGO DE SABANAS ESTAMPADAS Anairis KING,41.99,,,,,,
56,JUEGO DE SABANAS ESTAMPADAS Linda Princesa TWIN,25.50,,,,,,
56,JUEGO DE SABANAS ESTAMPADAS Linda Princesa FULL,34.99,,,,,,
56,JUEGO DE SABANAS ESTAMPADAS Linda Princesa QUEEN,36.99,,,,,,
56,JUEGO DE SABANAS ESTAMPADAS Linda Princesa KING,41.99,,,,,,
56,JUEGO DE SABANAS ESTAMPADAS Fantasy TWIN,25.50,,,,,,
56,JUEGO DE SABANAS ESTAMPADAS Fantasy FULL,34.99,,,,,,
56,JUEGO DE SABANAS ESTAMPADAS Fantasy QUEEN,36.99,,,,,,
56,JUEGO DE SABANAS ESTAMPADAS Fantasy KING,41.99,,,,,,
56,JUEGO DE SABANAS ESTAMPADAS Bella Candy TWIN,25.50,,,,,,
56,JUEGO DE SABANAS ESTAMPADAS Bella Candy FULL,34.99,,,,,,
56,JUEGO DE SABANAS ESTAMPADAS Bella Candy QUEEN,36.99,,,,,,
56,JUEGO DE SABANAS ESTAMPADAS Bella Candy KING,41.99,,,,,,
57,JUEGO DE SABANAS ESTAMPADAS Nautic TWIN,25.50,,,,,,
57,JUEGO DE SABANAS ESTAMPADAS Nautic FULL,34.99,,,,,,
57,JUEGO DE SABANAS ESTAMPADAS Nautic QUEEN,36.99,,,,,,
57,JUEGO DE SABANAS ESTAMPADAS Nautic KING,41.99,,,,,,
57,JUEGO DE SABANAS ESTAMPADAS Dinos TWIN,25.50,,,,,,
57,JUEGO DE SABANAS ESTAMPADAS Dinos FULL,34.99,,,,,,
57,JUEGO DE SABANAS ESTAMPADAS Dinos QUEEN,36.99,,,,,,
57,JUEGO DE SABANAS ESTAMPADAS Dinos KING,41.99,,,,,,
57,JUEGO DE SABANAS ESTAMPADAS Drifter TWIN,25.50,,,,,,
57,JUEGO DE SABANAS ESTAMPADAS Drifter FULL,34.99,,,,,,
57,JUEGO DE SABANAS ESTAMPADAS Drifter QUEEN,36.99,,,,,,
57,JUEGO DE SABANAS ESTAMPADAS Drifter KING,41.99,,,,,,
57,JUEGO DE SABANAS ESTAMPADAS Speedy TWIN,25.50,,,,,,
57,JUEGO DE SABANAS ESTAMPADAS Speedy FULL,34.99,,,,,,
57,JUEGO DE SABANAS ESTAMPADAS Speedy QUEEN,36.99,,,,,,
57,JUEGO DE SABANAS ESTAMPADAS Speedy KING,41.99,,,,,,
57,JUEGO DE SABANAS ESTAMPADAS Police TWIN,25.50,,,,,,
57,JUEGO DE SABANAS ESTAMPADAS Police FULL,34.99,,,,,,
57,JUEGO DE SABANAS ESTAMPADAS Police QUEEN,36.99,,,,,,
57,JUEGO DE SABANAS ESTAMPADAS Police KING,41.99,,,,,,
57,JUEGO DE SABANAS ESTAMPADAS Atletico TWIN,25.50,,,,,,
57,JUEGO DE SABANAS ESTAMPADAS Atletico FULL,34.99,,,,,,
57,JUEGO DE SABANAS ESTAMPADAS Atletico QUEEN,36.99,,,,,,
57,JUEGO DE SABANAS ESTAMPADAS Atletico KING,41.99,,,,,,
58,ALM100 ALMOHADAS CON GUSSET ESTAMPADA JUMBO,13.50,,,,,,
58,ALM100 ALMOHADAS CON GUSSET ESTAMPADA KING,16.50,,,,,,
58,ALM101 ALMOHADAS CON GUSSET LISAS JUMBO,13.50,,,,,,
58,ALM101 ALMOHADAS CON GUSSET LISAS KING,16.50,,,,,,
58,ALM104 ALMOHADAS CON GUSSET ESTAMPADAS PRIMOR JUMBO,13.50,,,,,,
58,ALM104 ALMOHADAS CON GUSSET ESTAMPADAS PRIMOR KING,16.50,,,,,,
59,ALM100 ALMOHADAS CON GUSSET ESTAMPADA JUMBO,13.50,,,,,,
59,ALM100 ALMOHADAS CON GUSSET ESTAMPADA KING,16.50,,,,,,
59,ALM101 ALMOHADAS CON GUSSET LISAS JUMBO,13.50,,,,,,
59,ALM101 ALMOHADAS CON GUSSET LISAS KING,16.50,,,,,,
59,ALM104 ALMOHADAS CON GUSSET ESTAMPADAS PRIMOR JUMBO,13.50,,,,,,
59,ALM104 ALMOHADAS CON GUSSET ESTAMPADAS PRIMOR KING,16.50,,,,,,
60,ALM105 ALMOHADAS CONFORT JUMBO,10.99,,,,,,
61,TOS100-3 SOFA PROTECTOR TOSACANA CHOCOLATE 1 PERSONA,17.99,,,,,,
61,TOS100-3 SOFA PROTECTOR TOSACANA CHOCOLATE 2 PERSONAS,24.99,,,,,,
61,TOS100-3 SOFA PROTECTOR TOSACANA CHOCOLATE 3 PERSONAS ,32.99,,,,,,
62,TOS100-1 SOFA PROTECTOR TOSACANA BEIGE 1 PERSONA,17.99,,,,,,
62,TOS100-1 SOFA PROTECTOR TOSACANA BEIGE 2 PERSONAS,24.99,,,,,,
62,TOS100-1 SOFA PROTECTOR TOSACANA BEIGE 3 PERSONAS,32.99,,,,,,
63,TOS100-2 SOFA PROTECTOR TOSACANA VINO 1 PERSONA,17.99,,,,,,
63,TOS100-2 SOFA PROTECTOR TOSACANA VINO 2 PERSONAS,24.99,,,,,,
63,TOS100-2 SOFA PROTECTOR TOSACANA VINO 3 PERSONAS,32.99,,,,,,
64,MEL105 SOFA COVER MELINDA 1 PERSONAS,29.50,,,,,,
64,MEL105 SOFA COVER MELINDA 2 PERSONAS,36.99,,,,,,
64,MEL105 SOFA COVER MELINDA 3 PERSONAS,43.50,,,,,,
64,MEL106 CORTINAS MELINDA CON BALANCE,31.50,,,,,,
65,MAL105 SOFA COVER MALAGA 1 PERSONA,29.50,,,,,,
65,MAL105 SOFA COVER MALAGA 2 PERSONAS,36.99,,,,,,
65,MAL105 SOFA COVER MALAGA 3 PERSONAS,43.50,,,,,,
65,MAL106 CORTINAS MALAGA CON BALANCE,31.50,,,,,,
66,NEP100 SOFA COVER NEPAL 1 PERSONA,29.50,,,,,,
66,NEP100 SOFA COVER NEPAL 2 PERSONAS,36.99,,,,,,
66,NEP100 SOFA COVER NEPAL 3 PERSONAS,43.50,,,,,,
66,NEP101 CORTINAS NEPAL CONBALANCE,31.50,,,,,,
67,LOR108 CORTINA DE SALA LORIS,18.50,,,,,,
68,VIL100 CORTINA DE SALA VILMA,18.50,,,,,,
69,BRI102 CORTINA DE SALA BRISA,18.50,,,,,,
70,TER110 CORTINA DE SALA TERRA,23.99,,,,,,
71,DAN101 CORTINA DE SALA DANIA,23.99,,,,,,
72,ALE101 CORTINA DE SALA ALENA,23.99,,,,,,
73,GAL100 CORTINA DE SALA GALA,21.99,,,,,,
74,ANE100 CORTINA DE SALA ANELY,21.99,,,,,,
75,MAR131 CORTINA DE SALA MARLENI,21.99,,,,,,
76,SUR100-1 MANTEL RECTANGULAR SURY,11.99,,,,,,
77,YEN100-1 MANTEL RECTANGULAR YENNI,11.99,,,,,,
78,CRO101 MANTEL RECTANGULAR CROCHET,10.50,,,,,,
79,BRI100 MANTEL REDONDO BRILLANTE,10.99,,,,,,
80,FIO104 CORTINA DE COCINA FIORELLA LARGE,18.50,,,,,,
80,FIO103 MANTEL FIORELLA RECTANGULAR,27.99,,,,,,
80,FIO103 MANTEL FIORELLA REDONDO,21.99,,,,,,
81,FIO104 CORTINA DE COCINA FIORELLA LARGE,18.50,,,,,,
81,FIO103 MANTEL FIORELLA RECTANGULAR,27.99,,,,,,
81,FIO103 MANTEL FIORELLA REDONDO,21.99,,,,,,
82,FLO125 CORTINA DE COCINA FLORENCIA LARGE,18.50,,,,,,
82,FLO124 MANTEL FLORENCIA RECTANGULAR,27.99,,,,,,
82,FLO124 MANTEL FLORENCIA REDONDO,21.99,,,,,,
83,FLO125 CORTINA DE COCINA FLORENCIA LARGE,18.50,,,,,,
83,FLO124 MANTEL FLORENCIA RECTANGULAR,27.99,,,,,,
83,FLO124 MANTEL FLORENCIA REDONDO,21.99,,,,,,
84,ACU100 JUEGO DE BAÑO ACUARIO,36.50,,,,,,
85,ARR100 JUEGO DE BAÑO ARRECIFE,36.50,,,,,,
86,BAH100 JUEGO DE BAÑO BAHIA,36.50,,,,,,
87,ENS103 JUEGO DE BAÑO ENSENADA,36.50,,,,,,
88,ENZ100 BATA HOMBRE ENZO Azul ,35.99,,,,,,
88,ENZ100 BATA HOMBRE ENZO Vino,35.99,,,,,,
89,ILO100 BATA MUJER I LOVE YOU Rosa,35.99,,,,,,
89,ILO100 BATA MUJER I LOVE YOU Violeta,35.99,,,,,,
90,SOF104 TOALLAS EXTRA LARGE SOFT TOUCH AMARILLA,10.50,,,,,,
90,SOF104 TOALLAS EXTRA LARGE SOFT TOUCH VERDE AGUA,10.50,,,,,,
90,SOF104 TOALLAS EXTRA LARGE SOFT TOUCH ROSA,10.50,,,,,,
90,SOF104 TOALLAS EXTRA LARGE SOFT TOUCH ROYAL,10.50,,,,,,
90,SOF104 TOALLAS EXTRA LARGE SOFT TOUCH AZUL,10.50,,,,,,
90,SOF104 TOALLAS EXTRA LARGE SOFT TOUCH VIOLETA,10.50,,,,,,
90,SOF104 TOALLAS EXTRA LARGE SOFT TOUCH VINO,10.50,,,,,,
91,GIR103 BATA GIRL (2-4),21.50,,,,,,
91,BOY100 BATA BOY (2-4),21.50,,,,,,
91,BUH100 BATA BUHO (6-8),24.50,,,,,,
91,TRE101 BATA T-REX (6-8),24.50,,,,,,
92,FAN110 TOALLA CON CAPUCHA FANTI,              12.99,,,,,,
92,KON100 TOALLA CON CAPUCHA KONG,              12.99,,,,,,
92,DON100 TOALLA CON CAPUCHA DONKEY,              12.99,,,,,,
92,YUK100 TOALLA CON CAPUCHA YUKI,              12.99,,,,,,
93,BEL107 BELFORD TWIN,92.50,,,,,,
93,BEL107 BELFORD FULL,110.99,,,,,,
93,BEL107 BELFORD QUEEN,121.99,,,,,,
93,BEL107 BELFORD KING,133.50,,,,,,
93,BEL108 CORTINAS BELFORD,28.50,,,,,,
94,DIN104 DINOS TWIN,53.50,,,,,,
94,DIN104 DINOS FULL,63.50,,,,,,
94,DIN106 CORTINAS DINOS,28.50,,,,,,
94,DIN107 JUEGO DE SABANAS DINOS TWIN,25.50,,,,,,
94,DIN107 JUEGO DE SABANAS DINOS FULL,34.99,,,,,,
94,DIN105 LITERA DINOS TWIN,36.99,,,,,,
95,DIN104 DINOS TWIN,53.50,,,,,,
95,DIN104 DINOS FULL,63.50,,,,,,
95,DIN106 CORTINAS DINOS,28.50,,,,,,
95,DIN107 JUEGO DE SABANAS DINOS TWIN,25.50,,,,,,
95,DIN107 JUEGO DE SABANAS DINOS FULL,34.99,,,,,,
95,DIN105 LITERA DINOS TWIN,36.99,,,,,,
96,DRI100 DRIFTER TWIN,53.50,,,,,,
96,DRI100 DRIFTER FULL,64.50,,,,,,
96,DRI102 CORTINAS DRIFTER,28.50,,,,,,
96,DRI103 JUEGO DE SABANAS DRIFTER TWIN,25.50,,,,,,
96,DRI103 JUEGO DE SABANAS DRIFTER FULL,34.99,,,,,,
96,DRI101 LITERA DRIFTER TWIN,40.50,,,,,,
97,DRI100 DRIFTER TWIN,53.50,,,,,,
97,DRI100 DRIFTER FULL,64.50,,,,,,
97,DRI102 CORTINAS DRIFTER,28.50,,,,,,
97,DRI103 JUEGO DE SABANAS DRIFTER TWIN,25.50,,,,,,
97,DRI103 JUEGO DE SABANAS DRIFTER FULL,34.99,,,,,,
97,DRI101 LITERA DRIFTER TWIN,40.50,,,,,,
98,SPE100 SPEEDY TWIN,47.99,,,,,,
98,SPE100 SPEEDY FULL,59.50,,,,,,
98,SPE102 CORTINAS SPEEDY,28.50,,,,,,
98,SPE103 JUEGO DE SABANAS SPEEDY TWIN,25.50,,,,,,
98,SPE103 JUEGO DE SABANAS SPEEDY FULL,34.99,,,,,,
98,SPE101 LITERA SPEEDY TWIN,40.50,,,,,,
99,SPE100 SPEEDY TWIN,47.99,,,,,,
99,SPE100 SPEEDY FULL,59.50,,,,,,
99,SPE102 CORTINAS SPEEDY,28.50,,,,,,
99,SPE103 JUEGO DE SABANAS SPEEDY TWIN,25.50,,,,,,
99,SPE103 JUEGO DE SABANAS SPEEDY FULL,34.99,,,,,,
99,SPE101 LITERA SPEEDY TWIN,40.50,,,,,,
100,POL009 POLICE TWIN,59.50,,,,,,
100,POL010 CORTINAS POLICE,28.50,,,,,,
100,POL011 JUEGO DE SABANAS POLICE TWIN,25.50,,,,,,
101,ATL101 ATLETICO TWIN,60.50,,,,,,
101,ATL101 ATLETICO FULL,79.99,,,,,,
101,ATL102 CORTINAS ATLETICO,24.50,,,,,,
101,ATL103 JUEGO DE SABANAS ATLETICO TWIN,22.50,,,,,,
101,ATL103 JUEGO DE SABANAS ATLETICO FULL,30.50,,,,,,
102,HAP105 HAPPY MONKEY TWIN,53.50,,,,,,
102,HAP105 HAPPY MONKEY FULL,63.50,,,,,,
102,HAP107 CORTINA HAPPY MONKEY,28.50,,,,,,
102,HAP108 JUEGO DE SABANAS HAPPY MONKEY TWIN,25.50,,,,,,
102,HAP108 JUEGO DE SABANAS HAPPY MONKEY FULL,34.99,,,,,,
102,HAP106 LITERA HAPPY MONKEY TWIN,38.50,,,,,,
103,HAP105 HAPPY MONKEY TWIN,53.50,,,,,,
103,HAP105 HAPPY MONKEY FULL,63.50,,,,,,
103,HAP107 CORTINA HAPPY MONKEY,28.50,,,,,,
103,HAP108 JUEGO DE SABANAS HAPPY MONKEY TWIN,25.50,,,,,,
103,HAP108 JUEGO DE SABANAS HAPPY MONKEY FULL,34.99,,,,,,
103,HAP106 LITERA HAPPY MONKEY TWIN,38.50,,,,,,
104,FAN111 FANTASY TWIN,66.50,,,,,,
104,FAN111 FANTASY FULL,81.50,,,,,,
104,FAN113 CORTINAS FANTASY,28.50,,,,,,
104,FAN114 JUEGO DE SABANAS FANTASY TWIN,25.50,,,,,,
104,FAN114 JUEGO DE SABANAS FANTASY FULL,34.99,,,,,,
104,FAN112 LITERA FANTASY,36.99,,,,,,
105,FAN111 FANTASY TWIN,66.50,,,,,,
105,FAN111 FANTASY FULL,81.50,,,,,,
105,FAN113 CORTINAS FANTASY,28.50,,,,,,
105,FAN114 JUEGO DE SABANAS FANTASY TWIN,25.50,,,,,,
105,FAN114 JUEGO DE SABANAS FANTASY FULL,34.99,,,,,,
105,FAN112 LITERA FANTASY,36.99,,,,,,
106,LIN111 LINDA PRINCESAS TWIN,47.99,,,,,,
106,LIN111 LINDA PRINCESAS FULL,57.99,,,,,,
106,LIN113 CORTINAS LINDA PRINCESAS,28.50,,,,,,
106,LIN114 JUEGO DE SABANAS PRINCESAS TWIN,25.50,,,,,,
106,LIN114 JUEGO DE SABANAS PRINCESAS FULL,34.99,,,,,,
106,LIN112 LITERA LINDA PRINCESAS TWIN,42.99,,,,,,
107,LIN111 LINDA PRINCESAS TWIN,47.99,,,,,,
107,LIN111 LINDA PRINCESAS FULL,57.99,,,,,,
107,LIN113 CORTINAS LINDA PRINCESAS,28.50,,,,,,
107,LIN114 JUEGO DE SABANAS PRINCESAS TWIN,25.50,,,,,,
107,LIN114 JUEGO DE SABANAS PRINCESAS FULL,34.99,,,,,,
107,LIN112 LITERA LINDA PRINCESAS TWIN,42.99,,,,,,
108,ANA101 ANAIRIS TWIN,53.50,,,,,,
108,ANA101 ANAIRIS FULL,60.99,,,,,,
108,ANA103 CORTINAS ANAIRIS,28.50,,,,,,
108,ANA104 JUEGO DE SABANAS ANAIRIS TWIN,25.50,,,,,,
108,ANA104 JUEGO DE SABANAS ANAIRIS FULL,34.99,,,,,,
108,ANA105 LITERA ANAIRIS TWIN,36.99,,,,,,
109,ANA101 ANAIRIS TWIN,53.50,,,,,,
109,ANA101 ANAIRIS FULL,60.99,,,,,,
109,ANA103 CORTINAS ANAIRIS,28.50,,,,,,
109,ANA104 JUEGO DE SABANAS ANAIRIS TWIN,25.50,,,,,,
109,ANA104 JUEGO DE SABANAS ANAIRIS FULL,34.99,,,,,,
109,ANA105 LITERA ANAIRIS TWIN,36.99,,,,,,
110,BEL102 BELLA CANDY TWIN,59.50,,,,,,
110,BEL102 BELLA CANDY FULL,73.99,,,,,,
110,BEL104 CORTINAS BELLA CANDY,28.50,,,,,,
110,BEL105 JUEGO DE SABANAS BELLA CANDY TWIN,25.50,,,,,,
110,BEL105 JUEGO DE SABANAS BELLA CANDY FULL,34.99,,,,,,
110,BEL103 LITERA BELLA CANDY TWIN,36.99,,,,,,
111,BEL102 BELLA CANDY TWIN,59.50,,,,,,
111,BEL102 BELLA CANDY FULL,73.99,,,,,,
111,BEL104 CORTINAS BELLA CANDY,28.50,,,,,,
111,BEL105 JUEGO DE SABANAS BELLA CANDY TWIN,25.50,,,,,,
111,BEL105 JUEGO DE SABANAS BELLA CANDY FULL,34.99,,,,,,
111,BEL103 LITERA BELLA CANDY TWIN,36.99,,,,,,
112,IRI100 IRIS TWIN,77.99,,,,,,
112,IRI100 IRIS FULL,92.50,,,,,,
112,IRI101 CORTINAS IRIS,28.50,,,,,,
112,IRI102 LITERA IRIS TWIN,36.99,,,,,,
113,IRI100 IRIS TWIN,77.99,,,,,,
113,IRI100 IRIS FULL,92.50,,,,,,
113,IRI101 CORTINAS IRIS,28.50,,,,,,
113,IRI102 LITERA IRIS TWIN,36.99,,,,,,
114,VIA100 VIANY TWIN,53.50,,,,,,
114,VIA100 VIANY FULL,60.99,,,,,,
114,VIA102 CORTINAS VIANY,28.50,,,,,,
114,VIA103 JUEGO DE SABANAS VIANY TWIN,25.50,,,,,,
114,VIA103 JUEGO DE SABANAS VIANY FULL,34.99,,,,,,
114,VIA101 LITERA VIANY TWIN,36.99,,,,,,
115,VIA100 VIANY TWIN,53.50,,,,,,
115,VIA100 VIANY FULL,60.99,,,,,,
115,VIA102 CORTINAS VIANY,28.50,,,,,,
115,VIA103 JUEGO DE SABANAS VIANY TWIN,25.50,,,,,,
115,VIA103 JUEGO DE SABANAS VIANY FULL,34.99,,,,,,
115,VIA101 LITERA VIANY TWIN,36.99,,,,,,
116,PIN101 PINKY TWIN,73.50,,,,,,
116,PIN101 PINKY FULL,93.50,,,,,,
116,PIN102 CORTINAS PINKY CON BALANCE,31.50,,,,,,
116,PIN103 JUEGO DE SABANAS PINKY TWIN,25.50,,,,,,
116,PIN103 JUEGO DE SABANAS PINKY FULL,34.99,,,,,,
117,SPE104 COBERTOR BORREGO SPEEDY TWIN,32.99,,,,,,
117,IRI104 COBERTOR BORREGO IRIS TWIN,32.99,,,,,,
118,BUR100 COBERTOR EDREBORREGO BURGUNDY FULL-QUEEN,45.99,,,,,,
118,BUR100 COBERTOR EDREBORREGO BURGUNDY KING,50.99,,,,,,
119,KIO103 COBERTOR EDREBORREGO KIOTO FULL-QUEEN,47.99,,,,,,
119,KIO103 COBERTOR EDREBORREGO KIOTO KING,52.99,,,,,,
120,EXC103 COBERTOR EDREBORREGO EXCELENCIA FULL-QUEEN,47.99,,,,,,
120,EXC103 COBERTOR EDREBORREGO EXCELENCIA KING,52.99,,,,,,
