PAGINA,DESCRIPCION,PRECIO,,,,
4,006-782 (5-10) MIEL, 49.80 ,YT57900C, 672.00 , 729.99 ,CH4290T
4,006-783 (5-10) VINO, 49.80 ,PW57900W, 672.00 , 729.99 ,WL4290W
4,007-884 (5-9) BEIGE, 41.00 ,ÑZ47600D, 553.00 , 599.99 ,DD3530Z
6,006-397 (5-10) CAMEL, 49.80 ,SY57900F, 672.00 , 729.99 ,FG4290Y
6,006-470 (6-9) NEGRO, 34.10 ,RA39700T, 461.00 , 499.99 ,TW2940A
6,007-879 (5-10) CAMEL, 39.60 ,BK46000K, 534.00 , 579.99 ,KV3410K
8,007-824 (5-10) NEGRO, 56.70 ,TQ65900F, 765.00 , 829.99 ,FF4880Q
8,007-824 (5-10) CAFÉ, 56.70 ,TQ65900F, 765.00 , 829.99 ,FF4880Q
10,007-901 (5-9) CAMEL, 32.70 ,LR38100W, 442.00 , 479.99 ,WC2820R
10,007-901 (5-9) NEGRO, 32.70 ,LR38100W, 442.00 , 479.99 ,WC2820R
12,004-876 (5-10) CAFÉ, 37.50 ,AL43600C, 506.00 , 549.99 ,CS3230L
12,006-795 (5-10) CAFÉ, 37.60 ,ÑE43700P, 507.00 , 549.99 ,PC3240E
14,007-877 (5-9) CAMEL, 34.10 ,BB39700L, 461.00 , 499.99 ,LT2940B
14,007-877 (5-9) MARINO, 34.10 ,BB39700L, 461.00 , 499.99 ,LT2940B
16,006-670 (6-9) CORAL, 27.30 ,CQ31700Y, 368.00 , 399.99 ,YT2350Q
16,006-670 (6-9) MARINO, 27.30 ,CQ31700Y, 368.00 , 399.99 ,YT2350Q
16,007-937 (6-9) FIUSHA, 27.30 ,DM31700D, 368.00 , 399.99 ,DN2350M
18,006-766 (5-10) ORO, 44.40 ,PE51600T, 599.00 , 649.99 ,TC3820E
18,007-940 (5-9) CAMEL MULTI, 37.60 ,DF43700M, 507.00 , 549.99 ,MW3240F
18,007-940 (5-9) NEGRO, 37.60 ,DF43700M, 507.00 , 549.99 ,MW3240F
20,006-606 (6-9) MULTICOLOR, 34.10 ,UU39700E, 461.00 , 499.99 ,EH2940U
20,006-625 (6-9) BEIGE MULTI, 34.10 ,LO39700M, 461.00 , 499.99 ,MP2940O
20,006-686 (5-9) NEGRO, 30.70 ,FO35700R, 415.00 , 449.99 ,RY2640O
21,007-908 (5-9) NEGRO, 27.30 ,XL31700E, 368.00 , 399.99 ,EA2350L
21,007-909 (5-9) ORO, 30.70 ,OF35700B, 415.00 , 449.99 ,BR2640F
21,007-909 (5-9) AZUL, 30.70 ,OF35700B, 415.00 , 449.99 ,BR2640F
22,006-655 (5-9) NEGRO MULTI, 22.50 ,LR26200H, 304.00 , 329.99 ,HZ1940R
22,006-655 (5-9) MULTICOLOR, 22.50 ,LR26200H, 304.00 , 329.99 ,HZ1940R
22,008-399 (6-10) NEGRO, 25.90 ,VE30100D, 350.00 , 379.99 ,DT2230E
24,006-669 (6-10) VINO, 39.60 ,JP46000S, 534.00 , 579.99 ,SÑ3410P
24,006-669 (6-10) NEGRO, 39.60 ,JP46000S, 534.00 , 579.99 ,SÑ3410P
25,007-913 (5-9) NEGRO, 26.00 ,AG30200Z, 351.00 , 379.99 ,ZA2240G
25,008-553 (5-9) AZUL, 27.30 ,PX31700O, 368.00 , 399.99 ,OU2350X
26,006-328 (5-10) NEGRO MULTI, 22.50 ,CQ26200Y, 304.00 , 329.99 ,YM1940Q
26,006-718 (5-10) MARINO MULTI, 27.30 ,TY31700D, 368.00 , 399.99 ,DH2350Y
26,006-723 (5-10) ROJO, 23.90 ,VD27800L, 323.00 , 349.99 ,LD2060D
28,006-491 (5-9) VINO, 21.20 ,WN24600R, 286.00 , 309.99 ,RÑ1820N
28,006-693 (5-10) MORADO, 23.90 ,VE27800N, 323.00 , 349.99 ,NH2060E
28,006-793 (5-10) MARINO, 19.10 ,MT22200L, 258.00 , 279.99 ,LL1640T
29,006-298 (5-10) MULTICOLOR, 19.10 ,OF22200N, 258.00 , 279.99 ,NZ1640F
29,006-603 (5-9) ROJO MULTI, 19.10 ,NV22200N, 258.00 , 279.99 ,NN1640V
29,006-696 (5-9) NEGRO, 26.10 ,EC30300R, 352.00 , 384.99 ,RQ2240C
30,006-792 (5-10) NEGRO, 26.00 ,KS30200M, 351.00 , 379.99 ,MQ2240S
30,006-792 (5-10) CAFÉ, 26.00 ,KS30200M, 351.00 , 379.99 ,MQ2240S
31,006-335 (5-10) MARINO, 23.90 ,ZU27800H, 323.00 , 349.99 ,HH2060U
31,008-409 (5-9) NEGRO, 19.10 ,MU22200R, 258.00 , 279.99 ,RE1640U
32,006-704 (5-10) CAFÉ MULTI, 23.90 ,DR27800D, 323.00 , 349.99 ,DJ2060R
32,006-794 (5-10) CORAL, 19.10 ,RY22200J, 258.00 , 279.99 ,JU1640Y
33,006-300 (5-10) AZUL MEZCLILLA, 20.50 ,AY23800Y, 277.00 , 299.99 ,YQ1760Y
33,006-703 (5-10) BEIGE MULTI, 22.50 ,ZO26200M, 304.00 , 329.99 ,MQ1940O
33,008-476 (5-10) MIEL, 19.10 ,GK22200G, 258.00 , 279.99 ,GV1640K
34,006-668 (5-10) ROJO MULTI, 21.20 ,JQ24600G, 286.00 , 309.99 ,GT1820Q
34,006-668 (5-10) AZUL MULTI, 21.20 ,JQ24600G, 286.00 , 309.99 ,GT1820Q
36,"000-487 (3Y - 5Y, 6M - 11M, 5W - 10W) BLANCO", 36.20 ,XR42100J, 489.00 , 529.99 ,JJ3120R
36,006-679 (5-9) NEGRO, 23.90 ,XC27800R, 323.00 , 349.99 ,RG2060C
36,006-680 (5-9) NEGRO, 23.90 ,NQ27800M, 323.00 , 349.99 ,MJ2060Q
36,006-698 (5-9) BLANCO, 36.20 ,GH42100Q, 489.00 , 529.99 ,QÑ3120H
36,006-719 (5-10) NEGRO, 23.90 ,QÑ27800V, 323.00 , 349.99 ,VV2060Ñ
36,006-722 (5-10) NEGRO, 26.00 ,TV30200H, 351.00 , 379.99 ,HD2240V
38,006-695 (5-9) NEGRO MULTI, 34.10 ,FU39700Q, 461.00 , 499.99 ,QA2940U
38,006-695 (5-9) ROJO MULTI, 34.10 ,FU39700Q, 461.00 , 499.99 ,QA2940U
40,006-509 (5-10) MARINO, 39.60 ,OG46000K, 534.00 , 579.99 ,KF3410G
40,006-715 (5-10) NEGRO, 41.00 ,LQ47600A, 553.00 , 599.99 ,AO3530Q
40,008-057 (5-9) BEIGE, 43.00 ,SÑ50000N, 580.00 , 629.99 ,NB3700Ñ
41,005-276 (5-10) CAMEL, 36.10 ,ÑM42000X, 488.00 , 529.99 ,XÑ3110M
41,006-682 (5-9) AZUL, 37.60 ,HG43700Q, 507.00 , 549.99 ,QE3240G
42,007-787 (5-10) VERDE, 39.60 ,BA46000Q, 534.00 , 579.99 ,QB3410A
42,007-787 (5-10) FIUSHA, 39.60 ,BA46000Q, 534.00 , 579.99 ,QB3410A
44,006-378 (5-10) BLANCO, 39.60 ,UR46000K, 534.00 , 579.99 ,KÑ3410R
44,006-716 (5-10) NEGRO, 39.60 ,PH46000F, 534.00 , 579.99 ,FN3410H
44,006-716 (5-10) BLANCO, 39.60 ,PH46000F, 534.00 , 579.99 ,FN3410H
44,006-716 (5-10) CORAL, 39.60 ,PH46000F, 534.00 , 579.99 ,FN3410H
46,002-744 (5-9) MULTICOLOR, 20.50 ,EM23800K, 277.00 , 299.99 ,KL1760M
46,006-302 (5-10) NEGRO, 17.40 ,PL20200F, 235.00 , 254.99 ,FK1500L
46,008-360 (5-9) ROSA, 19.10 ,KC22200C, 258.00 , 279.99 ,CE1640C
48,007-880 (5-10) MULTICOLOR, 22.50 ,CD26200E, 304.00 , 329.99 ,ER1940D
48,007-883 (5-10) AZUL, 23.90 ,HY27800T, 323.00 , 349.99 ,TA2060Y
48,007-883 (5-10) FIUSHA, 23.90 ,HY27800T, 323.00 , 349.99 ,TA2060Y
49,006-634 (5-10) MULTICOLOR, 21.20 ,MS24600P, 286.00 , 309.99 ,PH1820S
50,006-626 (5-10) ROJO MULTI, 6.40 ,OO7500E, 87.00 , 94.99 ,EP560O
50,006-653 (5-10) ROSA, 19.50 ,VK22600X, 263.00 , 284.99 ,XV1670K
51,006-709 (5-10) ANTIMONIO, 26.00 ,PZ30200D, 351.00 , 379.99 ,DF2240Z
52,006-562 (5-9) NEGRO MULTI, 16.40 ,ÑT19000F, 221.00 , 239.99 ,FK1410T
52,006-570 (5-9) ROJO MULTI, 16.40 ,LK19000T, 221.00 , 239.99 ,TR1410K
52,006-749 (5-9) MULTICOLOR, 23.90 ,QW27800J, 323.00 , 349.99 ,JÑ2060W
53,008-142 (5-10) BEIGE, 22.50 ,XM26200W, 304.00 , 329.99 ,WQ1940M
53,008-429 (5-9) MEZCLILLA MULTI, 26.00 ,OR30200P, 351.00 , 379.99 ,PY2240R
54,006-265 (5-10) VERDE, 27.30 ,AA31700J, 368.00 , 399.99 ,JH2350A
54,006-544 (5-9) NEGRO MULTI, 24.30 ,EH28200F, 328.00 , 354.99 ,FH2090H
54,"009-374 (3Y - 5Y, 6M - 12M, 5W - 10W) NEGRO", 30.70 ,BW35700H, 415.00 , 449.99 ,HT2640W
55,007-929 (5-9) BLANCO, 36.20 ,XO42100H, 489.00 , 529.99 ,HV3120O
55,007-929 (5-9) NEGRO, 36.20 ,XO42100H, 489.00 , 529.99 ,HV3120O
55,007-931 (5-9) MULTICOLOR, 36.20 ,LD42100H, 489.00 , 529.99 ,HQ3120D
55,008-436 (6-9) GRIS, 29.30 ,LK34100G, 396.00 , 429.99 ,GX2530K
56,006-415 (5-9) GRIS MULTI, 30.70 ,ZK35700X, 415.00 , 449.99 ,XH2640K
56,006-698 (5-9) BLANCO, 36.20 ,GH42100Q, 489.00 , 529.99 ,QÑ3120H
56,007-934 (5-9) ROSA, 36.20 ,JH42100J, 489.00 , 529.99 ,JA3120H
58,007-926 (5-9) MULTICOLOR, 39.60 ,QU46000N, 534.00 , 579.99 ,NV3410U
58,007-943 (5-9) NEGRO, 47.80 ,WZ55600M, 645.00 , 699.99 ,MY4120Z
58,008-497 (6-9) BLANCO MULTI, 46.40 ,RV54000L, 627.00 , 679.99 ,LH4000V
60,005-536 ONE SIZE BLANCO, 5.80 ,DH6700C, 78.00 , 84.99 ,CK500H
60,005-536 ONE SIZE GRIS, 5.80 ,DH6700C, 78.00 , 84.99 ,CK500H
60,007-441 ONE SIZE BLANCO, 5.80 ,RT6700G, 78.00 , 84.99 ,GD500T
60,"007-573 (3Y - 5Y, 6M - 11M, 5W - 10W) NEGRO", 39.60 ,ÑP46000K, 534.00 , 579.99 ,KN3410P
60,"007-573 (3Y - 5Y, 6M - 11M, 5W - 10W) BLANCO", 39.60 ,ÑP46000K, 534.00 , 579.99 ,KN3410P
60,"007-573 (3Y - 5Y, 6M - 11M, 5W - 10W) ROJO", 39.60 ,ÑP46000K, 534.00 , 579.99 ,KN3410P
60,"007-574 (3Y - 5Y, 6M - 11M, 5W - 10W) NEGRO", 47.80 ,TZ55600K, 645.00 , 699.99 ,KP4120Z
61,"000-487 (3Y - 5Y, 6M - 11M, 5W - 10W) BLANCO", 36.20 ,XR42100J, 489.00 , 529.99 ,JJ3120R
61,"007-489 (3Y - 5Y, 6M - 11M, 5W - 10W) VERDE", 34.10 ,NÑ39700K, 461.00 , 499.99 ,KD2940Ñ
62,"005-293 (3Y - 5Y, 6M - 11M, 5W - 10W) NEGRO", 49.80 ,FV57900B, 672.00 , 729.99 ,BN4290V
62,"006-561 (3Y - 5Y, 6M - 11M, 5W - 10W) NEGRO", 36.10 ,PY42000C, 488.00 , 529.99 ,CY3110Y
63,K82455 (5.5 - 8) NEGRO, 60.00 ,CN68880K, 799.00 , 869.99 ,NK5110E
63,K82455 (5.5 - 8) FIUSHA, 60.00 ,CN68880K, 799.00 , 869.99 ,NK5110E
63,K9F010 (5-9) AZUL MULTI, 74.00 ,SO86130S, 999.00 ," 1,089.99 ",OS6380P
64,K90235 (6-9) ROSA, 74.00 ,KH86130X, 999.00 ," 1,089.99 ",HX6380G
64,K90235 (6-9) MIEL, 74.00 ,KH86130X, 999.00 ," 1,089.99 ",HX6380G
65,C41779 (5-10) BLANCO, 36.00 ,ON41300M, 479.00 , 524.99 ,NM3060T
65,C41798 (5-10) BLANCO MULTI, 33.00 ,XH37850H, 439.00 , 479.99 ,HH2810E
65,C41802 (5-10) NEGRO, 33.00 ,RJ37850P, 439.00 , 479.99 ,JP2810S
65,C41802 (5-10) FIUSHA, 33.00 ,RJ37850P, 439.00 , 479.99 ,JP2810S
66,C41772 (5-10) NEGRO, 36.00 ,RK41300U, 479.00 , 524.99 ,KU3060H
66,C41772 (5-10) MORADO, 36.00 ,RK41300U, 479.00 , 524.99 ,KU3060H
66,C41774 (5-10) NEGRO MULTI, 37.00 ,ZL43020V, 499.00 , 544.99 ,LV3190Y
67,C41759 (5-10) VERDE, 39.00 ,UU44750Q, 519.00 , 564.99 ,UQ3320D
67,C41819 (5-10) NEGRIO, 33.00 ,EX37850O, 439.00 , 479.99 ,XO2810T
67,C41819 (5-10) FIUSHA, 33.00 ,EX37850O, 439.00 , 479.99 ,XO2810T
67,C41821 (5-10) GRIS, 35.00 ,PE40440Z, 469.00 , 509.99 ,EZ3000Y
68,C41752 (5-10) GRIS MULTI, 35.00 ,LU40440Y, 469.00 , 509.99 ,UY3000H
68,C41753 (5-10) NEGRO, 36.00 ,FP41300D, 479.00 , 524.99 ,PD3060C
68,C41753 (5-10) FIUSHA, 36.00 ,FP41300D, 479.00 , 524.99 ,PD3060C
69,S22123 DE VENTA SOLO EN MÉXICO, 0.10 ,UL90440F," 1,049.00 "," 1,139.99 ",DE VENTA SOLO EN MÉXICO
69,S22169 DE VENTA SOLO EN MÉXICO, 0.10 ,LG99060V," 1,149.00 "," 1,249.99 ",DE VENTA SOLO EN MÉXICO
69,S22393 DE VENTA SOLO EN MÉXICO, 0.10 ,BA90440S," 1,049.00 "," 1,139.99 ",DE VENTA SOLO EN MÉXICO
70,S11884 DE VENTA SOLO EN MÉXICO, 0.10 ,BN103370J," 1,199.00 "," 1,304.99 ",DE VENTA SOLO EN MÉXICO
70,S11897 DE VENTA SOLO EN MÉXICO, 0.10 ,TQ103370Z," 1,199.00 "," 1,304.99 ",DE VENTA SOLO EN MÉXICO
70,S11897 DE VENTA SOLO EN MÉXICO, 0.10 ,TQ103370Z," 1,199.00 "," 1,304.99 ",DE VENTA SOLO EN MÉXICO
71,S22258 DE VENTA SOLO EN MÉXICO, 0.10 ,BY86130P, 999.00 ," 1,089.99 ",DE VENTA SOLO EN MÉXICO
71,S22258 DE VENTA SOLO EN MÉXICO, 0.10 ,BY86130P, 999.00 ," 1,089.99 ",DE VENTA SOLO EN MÉXICO
71,S22258 DE VENTA SOLO EN MÉXICO, 0.10 ,BY86130P, 999.00 ," 1,089.99 ",DE VENTA SOLO EN MÉXICO
72,V14738 DE VENTA SOLO EN MÉXICO, 0.10 ,FÑ60260E, 699.00 , 759.99 ,DE VENTA SOLO EN MÉXICO
72,V14848 DE VENTA SOLO EN MÉXICO, 0.10 ,RK60260K, 699.00 , 759.99 ,DE VENTA SOLO EN MÉXICO
72,V14DA6 DE VENTA SOLO EN MÉXICO, 0.10 ,ST36990Z, 429.00 , 469.99 ,DE VENTA SOLO EN MÉXICO
72,V47385 DE VENTA SOLO EN MÉXICO, 0.10 ,ÑV60260S, 699.00 , 759.99 ,DE VENTA SOLO EN MÉXICO
72,V47386 DE VENTA SOLO EN MÉXICO, 0.10 ,FU60260Z, 699.00 , 759.99 ,DE VENTA SOLO EN MÉXICO
73,VM9160 DE VENTA SOLO EN MÉXICO, 0.10 ,ZF64570P, 749.00 , 814.99 ,DE VENTA SOLO EN MÉXICO
74,V13472 DE VENTA SOLO EN MÉXICO, 0.10 ,MQ60260R, 699.00 , 759.99 ,DE VENTA SOLO EN MÉXICO
74,VM7650 DE VENTA SOLO EN MÉXICO, 0.10 ,ZQ64570B, 749.00 , 814.99 ,DE VENTA SOLO EN MÉXICO
74,VM7652 DE VENTA SOLO EN MÉXICO, 0.10 ,FG64570U, 749.00 , 814.99 ,DE VENTA SOLO EN MÉXICO
74,VM9166 DE VENTA SOLO EN MÉXICO, 0.10 ,FP64570V, 749.00 , 814.99 ,DE VENTA SOLO EN MÉXICO
