PAGINA ,DESCRIPCION, PRECIO 
2,Z11118 Zapato NEGRO,32.95
2,Z11118 Zapato BLANCO,32.95
3,Z11118 Zapato NEGRO,32.95
3,Z11118 Zapato BLANCO,32.95
4,Zapato Z11153 NEGRO,51.50
4,B10133 Bolso Divine BLANCO,48.50
4,B10133 Bolso Divine NEGRO,48.50
5,Zapato Z11141 NEGRO,41.99
5,Zapato Z11141 ORQUIDEA,41.99
5,B10123 Bolso Idra NEGRO,44.50
5,B10123 Bolso Idra ORQUIDEA,44.50
5,B10123 Bolso Idra MORADO,44.50
6,Zapato Z11145 NEGRO,43.50
6,Zapato Z11145 ROJO,43.50
6,B10140 MADISON MARINO,46.50
6,B10140 MADISON ROJO,46.50
7,Zapato Z11142 NEGRO,43.99
7,Zapato Z11142 BEIGE,43.99
7,B10062 Bolso Italiano CAFÉ,93.99
7,B10062 Bolso Italiano BEIGE,93.99
8,Zapato Z11052 NEGRO,40.99
8,Zapato Z11052 MARRONE,40.99
8,B10128 Bolso Viktoria NEGRO,44.50
8,B10128 Bolso Viktoria CAFÉ,44.50
9,Zapato Z10952 NEGRO,58.50
9,Zapato Z10952 NUDE,58.50
9,B10141 Bolso BARESI CAFÉ,44.50
9,B10141 Bolso BARESI BEIGE,44.50
10,Zapato Z11140 NEGRO,47.99
10,Zapato Z11140 BLANCO,47.99
10,B10057 Bolso Bonaire BLANCO,47.50
10,B10057 Bolso Bonaire NEGRO,47.50
11,Zapato Z11147 NEGRO,41.99
11,Zapato Z11147 ROJO,41.99
11,B10140 Bolso MADISON MARINO,46.50
11,B10140 Bolso MADISON ROJO,46.50
12,Zapato Z11149 NEGRO,42.50
12,Zapato Z11149 VINO,42.50
12,B10123 Bolso Idra NEGRO,44.50
12,B10123 Bolso Idra ORQUIDEA,44.50
12,B10123 Bolso Idra MORADO,44.50
13,Zapato Z11053 NEGRO,40.50
13,Zapato Z11053 MARRONE,40.50
13,B10062 Bolso Italiano CAFÉ,93.99
13,B10062 Bolso Italiano BEIGE,93.99
14,Zapato Z11143 NEGRO,48.50
14,Zapato Z11143 BLANCO,48.50
14,B10128 Bolso Viktoria NEGRO,44.50
14,B10128 Bolso Viktoria CAFÉ,44.50
15,B10133 Bolso Divine BLANCO,48.50
15,B10133 Bolso Divine NEGRO,48.50
15,B10128 Bolso Viktoria NEGRO,44.50
15,B10128 Bolso Viktoria CAFÉ,44.50
15,B10062 Bolso Italiano CAFÉ,93.99
15,B10062 Bolso Italiano BEIGE,93.99
16,Zapato Z11154 NEGRO,53.50
16,Zapato Z11154 BEIGE,53.50
16,B10120 Bolso Vicenza CAFÉ,44.99
16,B10120 Bolso Vicenza BEIGE,44.99
17,Zapato Z11144 NEGRO,36.99
17,Zapato Z11144 BLANCO,36.99
17,B10133 Bolso Divine BLANCO,48.50
17,B10133 Bolso Divine NEGRO,48.50
18,Zapato Z11150 NEGRO,40.99
18,Zapato Z11150 VINO,40.99
18,B10088 Bolso Sicilia NEGRO,42.99
18,B10088 Bolso Sicilia BLANCO,42.99
19,Zapato Z11061 NEGRO,40.50
19,Zapato Z11061 ROJO,40.50
19,B10106 Bolso ELEIDA NEGRO,40.99
19,B10106 Bolso ELEIDA ROJO,40.99
20,Zapato Z11058 NEGRO,43.50
20,Zapato Z11058 ORQUIDEA,43.50
20,B10123 Bolso Idra NEGRO,44.50
20,B10123 Bolso Idra ORQUIDEA,44.50
20,B10123 Bolso Idra MORADO,44.50
21,Zapato Z10949 NEGRO,50.50
21,Zapato Z10949 BLANCO,50.50
21,B10057 Bolso Bonaire BLANCO,47.50
21,B10057 Bolso Bonaire NEGRO,47.50
22,Zapato Z11152 NEGRO,54.99
22,B10057 Bolso Bonaire BLANCO,47.50
22,B10057 Bolso Bonaire NEGRO,47.50
23,Zapato Z11105 NEGRO,43.50
23,Zapato Z11105 MARRONE,43.50
23,B10120 Bolso VICENZA CAFÉ,44.99
23,B10120 Bolso VICENZA BEIGE,44.99
24,Zapato Z10950 NEGRO,49.50
24,B10135 Bolso MARCY BEIGE,43.99
24,B10135 Bolso MARCY NEGRO,43.99
25,Zapato Z11148 LEOPARDO,43.50
25,B10141 Bolso BARESI CAFÉ,44.50
25,B10141 Bolso BARESI BEIGE,44.50
26,Zapato Z11155 NEGRO,53.50
27,Zapato Z11101 NEGRO,46.50
27,Zapato Z11101 ROJO,46.50
27,B10123 Bolso Idra NEGRO,44.50
27,B10123 Bolso Idra ORQUIDEA,44.50
27,B10123 Bolso Idra MORADO,44.50
28,B10123 Bolso Idra NEGRO,44.50
28,B10123 Bolso Idra ORQUIDEA,44.50
28,B10123 Bolso Idra MORADO,44.50
28,B10140 Bolso MADISON MARINO,46.50
28,B10140 Bolso MADISON ROJO,46.50
29,Zapato Z11157 NEGRO,46.50
29,Zapato Z11157 CAMEL,46.50
29,B10139 Bolso HABANA CAFÉ,41.99
29,B10139 Bolso HABANA NEGRO,41.99
30,Zapato Z11186 MARINO,41.50
30,Zapato Z11186 ROJO,41.50
30,B10136 Bolso IBIZA MARINO,40.50
30,B10136 Bolso IBIZA ROJO,40.50
31,Zapato Z10805 NEGRO,42.50
31,Zapato Z10805 BLANCO,42.50
31,B10133 Bolso Divine BLANCO,48.50
31,B10133 Bolso Divine NEGRO,48.50
32,Zapato Z11164 MARINO,46.50
32,Zapato Z11164 BLANCO,46.50
32,B10140 Bolso MADISON MARINO,46.50
32,B10140 Bolso MADISON ROJO,46.50
33,Zapato Z10550 NEGRO,39.99
33,Zapato Z10550 CAFÉ,39.99
33,B10128 Bolso Viktoria NEGRO,44.50
33,B10128 Bolso Viktoria CAFÉ,44.50
34,Zapato Z11163 MARINO,43.99
34,Zapato Z11163 ROJO,43.99
34,B10136 Bolso IBIZA MARINO,40.50
34,B10136 Bolso IBIZA ROJO,40.50
35,B10119 Bolso CELINE NEGRO,44.50
35,B10119 Bolso CELINE ROJO,44.50
35,B10057 Bolso BONAIRE BLANCO,47.50
35,B10057 Bolso Bonaire NEGRO,47.50
35,B10136 Bolso IBIZA MARINO,40.50
35,B10136 Bolso IBIZA ROJO,40.50
36,Zapato Z11156 NEGRO,40.99
36,Zapato Z11156 NUDE,40.99
36,B10135 Bolso MARCY BEIGE,43.99
36,B10135 Bolso MARCY NEGRO,43.99
37,Zapato Z11151 NEGRO,39.50
37,B10123 Bolso Idra NEGRO,44.50
37,B10123 Bolso Idra ORQUIDEA,44.50
37,B10123 Bolso Idra MORADO,44.50
38,Zapato Z11054 NEGRO,51.50
38,Zapato Z11054 VINO,51.50
38,B10119 Bolso CELINE NEGRO,44.50
38,B10119 Bolso CELINE ROJO,44.50
39,Zapato Z11065 NEGRO,39.50
39,Zapato Z11065 ROJO,39.50
39,B10136 Bolso IBIZA MARINO,40.50
39,B10136 Bolso IBIZA ROJO,40.50
40,Zapato Z10835 NEGRO,47.99
40,B10133 Bolso Divine BLANCO,48.50
40,B10133 Bolso Divine NEGRO,48.50
41,Zapato Z11064 NEGRO,40.99
41,Zapato Z11064 ROJO,40.99
41,B10125 Bolso MAREY NEGRO,29.99
41,B10125 Bolso MAREY ROJO,29.99
42,Zapato Z11073 NEGRO,37.99
42,Zapato Z11073 ROJO,37.99
42,B10057 Bolso BONAIRE BLANCO,47.50
42,B10057 Bolso Bonaire NEGRO,47.50
43,Zapato Z10700 NEGRO,47.99
43,Zapato Z10700 CAFÉ,47.99
43,B10119 Bolso CELINE NEGRO,44.50
43,B10119 Bolso CELINE ROJO,44.50
44,Zapato Z11063 NEGRO,40.99
44,B10119 Bolso CELINE NEGRO,44.50
44,B10119 Bolso CELINE ROJO,44.50
45,Zapato Z10710 NEGRO,44.50
45,Bolso FIRENZE NEGRO,44.50
46,Zapato Z11098 NEGRO,41.99
46,Zapato Z11098 ROJO,41.99
46,B10106 Bolso ELEIDA NEGRO,40.99
46,B10106 Bolso ELEIDA ROJO,40.99
47,Zapato Z10851 NEGRO,46.99
47,Zapato Z10851 ROJO,46.99
47,B10106 Bolso ELEIDA NEGRO,40.99
47,B10106 Bolso ELEIDA ROJO,40.99
48,B10106 Bolso ELEIDA NEGRO,40.99
48,B10106 Bolso ELEIDA ROJO,40.99
48,B10120 Bolso VICENZA CAFÉ,44.99
48,B10120 Bolso VICENZA BEIGE,44.99
49,Zapato Z11160 NEGRO,43.50
49,Zapato Z11160 TAUPE,43.50
49,B10137 Bolso ELBA CAFÉ,47.99
49,B10137 Bolso ELBA NEGRO,47.99
50,Zapato Z11136 NEGRO,30.99
50,Zapato Z11136 NUDE,30.99
50,B10137 Bolso ELBA CAFÉ,47.99
50,B10137 Bolso ELBA NEGRO,47.99
51,Zapato Z10804 FIUSHA,43.50
51,Zapato Z10804 NEGRO,43.50
51,B10137 Bolso ELBA CAFÉ,47.99
51,B10137 Bolso ELBA NEGRO,47.99
52,Zapato Z11158 NEGRO,43.50
52,Zapato Z11158 BLANCO,43.50
52,B10135 Bolso MARCY BEIGE,43.99
52,B10135 Bolso MARCY NEGRO,43.99
53,Zapato Z11139 NEGRO,30.50
53,Zapato Z11139 BEIGE,30.50
53,B10139 Bolso HABANA CAFÉ,41.99
53,B10139 Bolso HABANA NEGRO,41.99
54,Zapato Z11161 MARINO,40.50
54,Zapato Z11161 BLANCO,40.50
54,B10142 Bolso MOTIF UNICO,46.50
55,Zapato Z11159 NEGRO,42.99
55,Zapato Z11159 ORQUIDEA,42.99
55,B10123 Bolso IDRA NEGRO,44.50
55,B10123 Bolso Idra ORQUIDEA,44.50
55,B10123 Bolso Idra MORADO,44.50
56,Zapato Z11162 MARINO,34.50
56,Zapato Z11162 ROJO,34.50
56,B10140 Bolso MADISON MARINO,46.50
56,B10140 Bolso MADISON ROJO,46.50
57,Zapato Z11138 NEGRO,34.50
57,Zapato Z11138 BEIGE,34.50
57,B10127 Bolso ELINA CAFÉ,31.99
57,B10127 Bolso ELINA BEIGE,31.99
58,B10137 Bolso ELBA CAFÉ,47.99
58,B10137 Bolso ELBA NEGRO,47.99
58,B10141 Bolso BARESI CAFÉ,44.50
58,B10141 Bolso BARESI BEIGE,44.50
59,Zapato Z11076 PLATA,43.99
59,B10138 Bolso FERRE NEGRO,40.50
59,B10138 Bolso FERRE BRONZE,40.50
60,Zapato Z11077 PLATA,42.50
60,B10133 Bolso Divine BLANCO,48.50
60,B10133 Bolso DIVINE NEGRO,48.50
61,Zapato Z11078 ORO,40.99
61,B10138 Bolso FERRE NEGRO,40.50
61,B10138 Bolso FERRE BRONZE,40.50
62,Zapato Z11146 NEGRO,42.99
62,B10128 Bolso Viktoria NEGRO,44.50
62,B10128 Bolso Viktoria CAFÉ,44.50
63,Zapato Z11183 NEGRO,40.50
63,B10106 Bolso ELEIDA NEGRO,40.99
63,B10106 Bolso ELEIDA ROJO,40.99
64,Zapato Z10565 NEGRO,39.50
64,B10057 Bolso BONAIRE BLANCO,47.50
64,B10057 Bolso Bonaire NEGRO,47.50
65,Zapato Z11185 NEGRO,41.99
65,B10119 Bolso CELINE NEGRO,44.50
65,B10119 Bolso CELINE ROJO,44.50
66,Zapato Z11181 NEGRO,40.50
66,Zapato Z11181 ROJO,40.50
66,Zapato Z11181 NUDE,40.50
66,B10106 Bolso ELEIDA NEGRO,40.99
66,B10106 Bolso ELEIDA ROJO,40.99
67,Zapato Z11180 NEGRO,40.50
67,Zapato Z11180 ROJO,40.50
67,Zapato Z11180 BEIGE,40.50
67,B10141 Bolso BARESI CAFÉ,44.50
67,B10141 Bolso BARESI BEIGE,44.50
68,B10025 Bolso SASSARI UNICO,48.50
68,B10038 Bolso FIRENZE NEGRO,44.50
68,B10142 Bolso MOTIF UNICO,46.50
68,B10138 Bolso FERRE NEGRO,40.50
68,B10138 Bolso FERRE BRONZE,40.50
69,Zapato Z11081 NEGRO,32.99
69,Zapato Z11081 CAFÉ,32.99
69,B10125 Bolso MAREY NEGRO,29.99
69,B10125 Bolso MAREY ROJO,29.99
70,Zapato Z11171 NEGRO,27.99
70,Zapato Z11171 FIUSHA,27.99
70,B10135 Bolso MARCY BEIGE,43.99
70,B10135 Bolso MARCY NEGRO,43.99
71,Zapato Z11131 ZEBRA,29.50
71,B10125 Bolso MAREY NEGRO,29.99
71,B10125 Bolso MAREY ROJO,29.99
71,Zapato Z11132 LEOPARDO,29.50
71,B10126 Bolso KRIS NEGRO,33.50
72,Zapato Z11174 CORAL,32.50
72,B10120 Bolso VICENZA CAFÉ,44.99
72,B10120 Bolso VICENZA BEIGE,44.99
72,Zapato Z11173 NEGRO,32.50
72,Zapato Z11173 ORO,32.50
72,B10126 Bolso KRIS NEGRO,33.50
73,Zapato Z11121 NEGRO,22.99
73,Zapato Z11121 BEIGE,22.99
73,B10088 Bolso SICILIA NEGRO,42.99
73,B10088 Bolso SICILIA BLANCO,42.99
74,Zapato Z11176 ROSA,29.50
74,Zapato Z11176 PLATA,29.50
74,B10125 Bolso MAREY NEGRO,29.99
74,B10125 Bolso MAREY ROJO,29.99
75,Zapato Z11115 NEGRO,29.50
75,Zapato Z11115 ROSA,29.50
75,B10127 Bolso ELINA CAFÉ,31.99
75,B10127 Bolso ELINA BEIGE,31.99
76,Zapato Z11133 NEGRO,26.99
76,Zapato Z11133 ORO,26.99
76,B10127 Bolso ELINA CAFÉ,31.99
76,B10127 Bolso ELINA BEIGE,31.99
77,Zapato Z10995 NEGRO,43.99
77,B10126 Bolso KRIS NEGRO,33.50
78,Zapato Z10883 NEGRO,38.99
78,B10125 Bolso MAREY NEGRO,29.99
78,B10125 Bolso MAREY ROJO,29.99
79,Zapato Z11070 NEGRO,36.99
79,B10125 Bolso MAREY NEGRO,29.99
79,B10125 Bolso MAREY ROJO,29.99
80,Zapato Z11069 NEGRO,49.50
80,Zapato Z11069 VINO,49.50
80,B10127 Bolso ELINA CAFÉ,31.99
80,B10127 Bolso ELINA BEIGE,31.99
81,Zapato Z11175 NEGRO,41.99
81,Zapato Z11175 TAN,41.99
81,B10127 Bolso ELINA CAFÉ,31.99
81,B10127 Bolso ELINA BEIGE,31.99
82,Zapato Z11068 NEGRO,48.50
82,Zapato Z11068 MARINO,48.50
82,B10136 Bolso IBIZA MARINO,40.50
82,B10136 Bolso IBIZA ROJO,40.50
83,Zapato Z11071 NEGRO,36.99
83,Zapato Z11071 BEIGE,36.99
83,B10125 Bolso MAREY NEGRO,29.99
83,B10125 Bolso MAREY ROJO,29.99
84,B10125 Bolso MAREY NEGRO,29.99
84,B10125 Bolso MAREY ROJO,29.99
84,B10127 Bolso ELINA CAFÉ,31.99
84,B10127 Bolso ELINA BEIGE,31.99
84,B10126 Bolso KRIS NEGRO,33.50
85,Zapato Z10736 NEGRO,35.50
85,Zapato Z10736 MARINO,35.50
85,B10142 Bolso MOTIF UNICO,46.50
86,Zapato Z11005 NEGRO,38.99
86,Zapato Z11005 LILA,38.99
86,B10120 Bolso VICENZA CAFÉ,44.99
86,B10120 Bolso VICENZA BEIGE,44.99
87,Zapato Z11000 ROSA,41.99
87,Zapato Z11000 CORAL,41.99
87,B10127 Bolso ELINA CAFÉ,31.99
87,B10127 Bolso ELINA BEIGE,31.99
88,Zapato Z10581 NEGRO,35.50
88,Zapato Z10581 AZUL,35.50
88,Zapato Z10581 ROJO,35.50
88,B10140 Bolso MADISON MARINO,46.50
88,B10140 Bolso MADISON ROJO,46.50
89,Zapato Z10780 NEGRO,35.50
89,Zapato Z10780 PLATA,35.50
89,B10088 Bolso SICILIA NEGRO,42.99
89,B10088 Bolso SICILIA BLANCO,42.99
90,Zapato Z11172 NEGRO,18.50
90,Zapato Z11172 BEIGE,18.50
90,B10139 Bolso HABANA CAFÉ,41.99
90,B10139 Bolso HABANA NEGRO,41.99
91,Zapato Z11170 NEGRO,29.50
91,Zapato Z11170 MARINO,29.50
91,B10136 Bolso IBIZA MARINO,40.50
91,B10136 Bolso IBIZA ROJO,40.50
92,Zapato Z11117 MARINO,24.50
92,Zapato Z11117 ROJO,24.50
92,B10136 Bolso IBIZA MARINO,40.50
92,B10136 Bolso IBIZA ROJO,40.50
93,Zapato Z11095 NEGRO,25.99
93,B10127 Bolso ELINA CAFÉ,31.99
93,B10127 Bolso ELINA BEIGE,31.99
93,Zapato Z10903 NEGRO,33.50
93,B10088 Bolso SICILIA NEGRO,42.99
93,B10088 Bolso SICILIA BLANCO,42.99
94,Zapato Z11116 NEGRO,28.99
94,Zapato Z11116 BEIGE,28.99
94,B10127 Bolso ELINA CAFÉ,31.99
94,B10127 Bolso ELINA BEIGE,31.99
95,Zapato Z11010 NEGRO,29.50
95,Zapato Z11010 FIUSHA,29.50
95,B10142 Bolso MOTIF UNICO,46.50
96,Zapato Z10916 NEGRO,29.50
96,B10126 Bolso KRIS NEGRO,33.50
96,Zapato Z10791 NEGRO,30.50
96,B10088 Bolso SICILIA NEGRO,42.99
96,B10088 Bolso SICILIA BLANCO,42.99
97,Zapato Z11092 NEGRO,24.99
97,Zapato Z11092 ORO,24.99
97,B10127 Bolso ELINA CAFÉ,31.99
97,B10127 Bolso ELINA BEIGE,31.99
98,Zapato Z11120 NEGRO,20.50
98,Zapato Z11120 BEIGE,20.50
98,B10127 Bolso ELINA CAFÉ,31.99
98,B10127 Bolso ELINA BEIGE,31.99
99,Zapato Z11165 NEGRO,25.99
99,Zapato Z11165 AGUA,25.99
99,B10125 Bolso MAREY NEGRO,29.99
99,B10125 Bolso MAREY ROJO,29.99
100,Zapato Z11168 NEGRO,29.50
100,Zapato Z11168 CAMEL,29.50
100,B10025 Bolso SASSARI UNICO,48.50
101,Zapato Z11169 NEGRO,29.50
101,Zapato Z11169 DORADO,29.50
101,B10123 Bolso IDRA NEGRO,44.50
101,B10123 Bolso Idra ORQUIDEA,44.50
101,B10123 Bolso IDRA MORADO,44.50
102,Zapato Z11166 NEGRO,35.50
102,Zapato Z11166 ORO,35.50
102,B10138 Bolso FERRE NEGRO,40.50
102,B10138 Bolso FERRE BRONZE,40.50
103,Zapato Z11167 NEGRO,35.50
103,Zapato Z11167 CAMEL,35.50
103,B10142 Bolso MOTIF UNICO,46.50
104,Zapato Z11119 NEGRO,25.99
104,Zapato Z11119 VINO,25.99
104,B10088 Bolso SICILIA NEGRO,42.99
104,B10088 Bolso SICILIA BLANCO,42.99
105,Zapato Z11130 NEGRO,28.99
105,Zapato Z11130 BEIGE,28.99
105,B10141 Bolso BARESI CAFÉ,44.50
105,B10141 Bolso BARESI BEIGE,44.50
106,B10088 Bolso SICILIA NEGRO,42.99
106,B10088 Bolso SICILIA BLANCO,42.99
106,B10135 Bolso MARCY,43.99
106,B10139 Bolso HABANA CAFÉ,41.99
106,B10139 Bolso HABANA NEGRO,41.99
107,Zapato Z11123 NEGRO,33.50
107,Zapato Z11123 NUDE,33.50
107,B10135 Bolso MARCY BEIGE,43.99
107,B10135 Bolso MARCY NEGRO,43.99
108,Zapato Z11124 NEGRO,34.99
108,Zapato Z11124 CAFÉ,34.99
108,B10062 Bolso ITALIANO CAFÉ,93.99
108,B10062 Bolso ITALIANO BEIGE,93.99
109,Zapato Z11122 NEGRO,32.50
109,Zapato Z11122 BLANCO,32.50
109,B10137 Bolso ELBA CAFÉ,47.99
109,B10137 Bolso ELBA NEGRO,47.99
110,Zapato Z11134 NEGRO,20.50
110,Zapato Z11134 ARENA,20.50
110,B10025 Bolso SASSARI UNICO,48.50
111,Zapato Z11114 NEGRO,27.50
111,Zapato Z11114 BLANCO,27.50
111,B10088 Bolso SICILIA NEGRO,42.99
111,B10088 Bolso SICILIA BLANCO,42.99
112,Zapato Z11125 NEGRO,25.50
112,Zapato Z11125 NUDE,25.50
112,B10120 Bolso VICENZA CAFÉ,44.99
112,B10120 Bolso VICENZA BEIGE,44.99
113,Zapato Z11127 NEGRO,27.50
113,Zapato Z11127 CAFÉ,27.50
113,B10139 Bolso HABANA CAFÉ,41.99
113,B10139 Bolso HABANA NEGRO,41.99
114,Zapato Z11126 NEGRO,23.50
114,Zapato Z11126 ORO,23.50
114,B10125 Bolso MAREY NEGRO,29.99
114,B10125 Bolso MAREY ROJO,29.99
115,Zapato Z11137 NEGRO,25.50
115,Zapato Z11137 BEIGE,25.50
115,B10135 Bolso MARCY BEIGE,43.99
115,B10135 Bolso MARCY NEGRO,43.99
116,Zapato Z11135 NEGRO,24.99
116,Zapato Z11135 BEIGE,24.99
116,B10138 Bolso FERRE NEGRO,40.50
116,B10138 Bolso FERRE BRONZE,40.50
117,Zapato Z11128 NEGRO,27.99
117,Zapato Z11128 CORAL,27.99
117,B10125 Bolso MAREY NEGRO,29.99
117,B10125 Bolso MAREY ROJO,29.99
118,Zapato Z11129 NEGRO,23.99
118,Zapato Z11129 BEIGE,23.99
118,B10139 Bolso HABANA CAFÉ,41.99
118,B10139 Bolso HABANA NEGRO,41.99
119,Zapato Z11111 NEGRO,19.99
119,Zapato Z11111 CAFÉ,19.99
119,B10137 Bolso ELBA CAFÉ,47.99
119,B10137 Bolso ELBA NEGRO,47.99
120,Zapato Z11113 NEGRO,21.99
120,Zapato Z11113 BLANCO,21.99
120,B10038 Bolso FIRENZE NEGRO,44.50
121,Zapato Z11112 NEGRO,25.50
121,Zapato Z11112 BLANCO,25.50
121,B10133 Bolso DIVINE BLANCO,48.50
121,B10133 Bolso DIVINE NEGRO,48.50
122,Wallet W10008 NEGRO,21.50
122,Wallet W10008 TAUPE,21.50
122,Wallet W10007 NEGRO,28.99
122,Wallet W10007 TAUPE,28.99
122,Wallet W10009 NEGRO,28.99
122,Wallet W10009 ROJO,28.99
122,Wallet W10009 BEIGE,28.99
122,Wallet W10004 CAFÉ,21.99
122,Wallet W10004 TAUPE,21.99
