PAGINA,DESCRIPCION, PRECIO ,
2,ZAPATO Z11234 NEGRO,58.99,
2,ZAPATO Z11234 CAFÉ,58.99,
2,BOLSO TESLA B10150 NEGRO,39.25,
2,BOLSO TESLA B10150 CAFÉ,39.25,
3,ZAPATO Z11233 NEGRO,58.99,
3,ZAPATO Z11233 TAUPE,58.99,
3,BOLSO IVANNA B10147 NEGRO,46.50,
3,BOLSO IVANNA B10147 BEIGE,46.50,
3,BOLSO IVANNA B10147 VINO,46.50,
4,ZAPATO Z11204 NEGRO,60.99,
4,ZAPATO Z11204 CAFÉ,60.99,
4,BOLSO ODESSA B10153 NEGRO,40.25,
4,BOLSO ODESSA B10153 CAFÉ,40.25,
5,ZAPATO Z11196 NEGRO,61.50,
5,ZAPATO Z11196 CAFÉ,61.50,
5,BOLSO BIANCHI B10148 NEGRO,40.50,
5,BOLSO BIANCHI B10148 CAFÉ,40.50,
6,ZAPATO Z11202 NEGRO,62.99,
6,ZAPATO Z11202 BEIGE,62.99,
6,BOLSO SICILIA B10088 NEGRO,42.99,
6,BOLSO SICILIA B10088 BLANCO,42.99,
7,ZAPATO Z11200 NEGRO,61.50,
7,ZAPATO Z11200 CAFÉ,61.50,
7,BOLSO SANTORI B10152 NEGRO,44.50,
7,BOLSO SANTORI B10152 CAFÉ,44.50,
8,ZAPATO Z11225 NEGRO,43.75,
8,ZAPATO Z11225 TAUPE,43.75,
8,BOLSO TESLA B10150 NEGRO,39.25,
8,BOLSO TESLA B10150 CAFÉ,39.25,
8,ZAPAT Z11201 NEGRO,50.75,
8,ZAPAT Z11201 CAFÉ,50.75,
8,BOLSO KRIS B10126 NEGRO,33.50,
8,BOLSO KRIS B10126 CAFÉ,33.50,
9,ZAPATO Z11203 NEGRO,43.75,
9,ZAPATO Z11203 CAMEL,43.75,
9,BOLSO TESLA B10150 NEGRO,39.25,
9,BOLSO TESLA B10150 CAFÉ,39.25,
9,ZAPATO Z11207 NEGRO,29.50,
9,ZAPATO Z11207 CAMEL,29.50,
9,Bolso SASSARI B10025 UNICO,48.75,
10,BOLSO IVANNA B10147 NEGRO,46.50,
10,BOLSO IVANNA B10147 BEIGE,46.50,
10,BOLSO IVANNA B10147 VINO,46.50,
10,BOLSO SANTORI B10152 NEGRO,44.50,
10,BOLSO SANTORI B10152 CAFÉ,44.50,
11,ZAPATO Z11088 NEGRO,41.50,
11,Bolso FIRENZE B10038 NEGRO,44.50,
11,ZAPATO Z11184 NEGRO,35.50,
11,BOLSO BONAIRE B10057 BLANCO,47.50,
11,BOLSO BONAIRE B10057 NEGRO,47.50,
12,ZAPATO Z11188 NEGRO,35.50,
12,BOLSO GALA B10154 NEGRO,36.25,
12,BOLSO GALA B10154 VINO,36.25,
12,ZAPATO Z11190 NEGRO,33.99,
12,BOLSO NEITH B10155 NEGRO,33.25,
12,BOLSO NEITH B10155 CAFÉ,33.25,
13,ZAPATO Z11179 NEGRO,41.50,
13,BOLSO KRIS B10126 NEGRO,33.50,
13,BOLSO KRIS B10126 CAFÉ,33.50,
13,ZAPATO Z11177 NEGRO,40.50,
13,BOLSO BIANCHI B10148 NEGRO,40.50,
13,BOLSO BIANCHI B10148 CAFÉ,40.50,
14,ZAPATO Z11189 NEGRO,34.75,
14,BOLSO MANUELA B10151 NEGRO,40.50,
14,BOLSO MANUELA B10151 TAN,40.50,
14,ZAPATO Z11187 NEGRO,35.50,
14,BOLSO KRIS B10126 NEGRO,33.50,
14,BOLSO KRIS B10126 CAFÉ,33.50,
15,BOLSO VIERA B10143 NEGRO,44.50,
15,BOLSO VIERA B10143 CAFÉ,44.50,
15,BOLSO LORENZI B10144 NEGRO,40.50,
15,BOLSO LORENZI B10144 CAFÉ,40.50,
15,BOLSO ODESSA B10153 NEGRO,40.25,
15,BOLSO ODESSA B10153 CAFÉ,40.25,
16,ZAPATO Z10898 NEGRO,42.99,
16,ZAPATO Z10898 VINO,42.99,
16,Bolso FIRENZE B10038 NEGRO,44.50,
16,ZAPATO Z11262 NEGRO,36.99,
16,ZAPATO Z11262 VINO,36.99,
16,BOLSO VIERA B10143 NEGRO,44.50,
16,BOLSO VIERA B10143 CAFÉ,44.50,
17,ZAPATO Z10770 NEGRO,41.50,
17,BOLSO TESLA B10150 NEGRO,39.25,
17,BOLSO TESLA B10150 CAFÉ,39.25,
17,ZAPATO Z10781 ORO,38.50,
17,ZAPATO Z10781 NEGRO,38.50,
17,BOLSO VIERA B10143 NEGRO,44.50,
17,BOLSO VIERA B10143 CAFÉ,44.50,
18,ZAPATO Z11086 NEGRO,38.50,
18,ZAPATO Z11086 VINO,38.50,
18,BOLSO LORENZI B10144 NEGRO,40.50,
18,BOLSO LORENZI B10144 CAFÉ,40.50,
18,ZAPATO Z10768 NEGRO,41.50,
18,ZAPATO Z10768 ROJO,41.50,
18,BOLSO VIERA B10143 NEGRO,44.50,
18,BOLSO VIERA B10143 CAFÉ,44.50,
19,ZAPATO Z11218 NEGRO,38.75,
19,ZAPATO Z11218 CAFÉ,38.75,
19,BOLSO BIANCHI B10148 NEGRO,40.50,
19,BOLSO BIANCHI B10148 CAFÉ,40.50,
19,ZAPATO Z11192 NEGRO,40.50,
19,ZAPATO Z11192 BLANCO,40.50,
19,BOLSO BONAIRE B10057 BLANCO,47.50,
19,BOLSO BONAIRE B10057 NEGRO,47.50,
20,ZAPATO Z11247 NEGRO,44.50,
20,ZAPATO Z11247 ORO,44.50,
20,BOLSO BONAIRE B10057 BLANCO,47.50,
20,BOLSO BONAIRE B10057 NEGRO,47.50,
20,ZAPATO Z11248 NEGRO,38.99,
20,ZAPATO Z11248 ORO,38.99,
20,BOLSO NEITH B10155 NEGRO,38.25,
20,BOLSO NEITH B10155 CAFÉ,38.25,
21,ZAPATO Z11246 NEGRO,40.25,
21,ZAPATO Z11246 CAFÉ,40.25,
21,BOLSO SANTORI B10152 NEGRO,44.50,
21,BOLSO SANTORI B10152 CAFÉ,44.50,
21,ZAPATO Z11182 NEGRO,38.99,
21,ZAPATO Z11182 BLANCO,38.99,
21,BOLSO DIVINE B10133 BLANCO,47.99,
21,BOLSO DIVINE B10133 NEGRO,47.99,
22,BOLSO MANUELA B10151 NEGRO,40.50,
22,BOLSO MANUELA B10151 TAN,40.50,
22,BOLSO SICILIA B10088 NEGRO,42.99,
22,BOLSO SICILIA B10088 BLANCO,42.99,
22,BOLSO GALA B10154 NEGRO,36.25,
22,BOLSO GALA B10154 VINO,36.25,
23,ZAPATO Z11220 NEGRO,55.50,
23,BOLSO SICILIA B10088 NEGRO,42.99,
23,BOLSO SICILIA B10088 BLANCO,42.99,
24,ZAPATO Z11206 NEGRO,56.50,
24,ZAPATO Z11206 CAMEL,56.50,
24,BOLSO LORENZI B10144 NEGRO,40.50,
24,BOLSO LORENZI B10144 CAFÉ,40.50,
25,ZAPATO Z11231 NEGRO,61.50,
25,ZAPATO Z11231 CAFÉ,61.50,
25,BOLSO VIERA B10143 NEGRO,44.50,
25,BOLSO VIERA B10143 CAFÉ,44.50,
26,ZAPATO Z11219 NEGRO,53.99,
26,BOLSO BONAIRE B10057 BLANCO,47.50,
26,BOLSO BONAIRE B10057 NEGRO,47.50,
27,ZAPATO Z11199 NEGRO,58.50,
27,ZAPATO Z11199 TAUPE,58.50,
27,BOLSO VIERA B10143 NEGRO,44.50,
27,BOLSO VIERA B10143 CAFÉ,44.50,
28,ZAPATO Z11198 NEGRO,58.50,
28,ZAPATO Z11198 TAUPE,58.50,
28,Bolso SASSARI B10025 UNICO,48.75,
30,BOLSO BONAIRE B10057 BLANCO,47.50,
30,BOLSO BONAIRE B10057 NEGRO,47.50,
30,Bolso MARCY B10135 BEIGE,43.99,
30,Bolso MARCY B10135 NEGRO,43.99,
30,Bolso MOTIF B10142 UNICO,46.50,
31,ZAPATO Z11082 NEGRO,39.99,
31,ZAPATO Z11082 ROJO,39.99,
31,BOLSO ADARA B10149,47.99,
32,ZAPATO Z11081 NEGRO,33.25,
32,ZAPATO Z11081 CAFÉ,33.25,
32,BOLSO KRIS B10126 NEGRO,33.50,
32,BOLSO KRIS B10126 CAFÉ,33.50,
33,ZAPATO Z11239 NEGRO,31.75,
33,ZAPATO Z11239 CAFÉ,31.75,
33,BOLSO NEITH B10155 NEGRO,33.25,
33,BOLSO NEITH B10155 CAFÉ,33.25,
34,ZAPATO Z11259,44.50,
34,BOLSO ADARA B10149,47.99,
35,ZAPATO Z11211 NEGRO,26.50,
35,ZAPATO Z11211 VINO,26.50,
35,BOLSO BONAIRE B10057 BLANCO,47.50,
35,BOLSO BONAIRE B10057 NEGRO,47.50,
36,ZAPATO Z11172 NEGRO,18.50,
36,ZAPATO Z11172 BEIGE,18.50,
36,BOLSO NEITH B10155 NEGRO,33.25,
36,BOLSO NEITH B10155 CAFÉ,33.25,
37,Bolso SASSARI B10025 UNICO,48.75,
37,Bolso FIRENZE B10038 NEGRO,44.50,
37,BOLSO TESLA B10150 NEGRO,39.25,
37,BOLSO TESLA B10150 CAFÉ,39.25,
38,ZAPATO Z10736 NEGRO,35.50,
38,ZAPATO Z10736 MARINO,35.50,
38,Bolso MAREY B10125 NEGRO,31.75,
38,Bolso MAREY B10125 ROJO,31.75,
39,ZAPATO Z11216 NEGRO,41.50,
39,ZAPATO Z11216 ROJO,41.50,
39,Bolso ELINA B10127 CAFÉ,32.50,
39,Bolso ELINA B10127 BEIGE,32.50,
40,ZAPATO Z10780 NEGRO,35.50,
40,ZAPATO Z10780 PLATA,35.50,
40,BOLSO SICILIA B10088 NEGRO,42.99,
40,BOLSO SICILIA B10088 BLANCO,42.99,
41,ZAPATO Z11217 NEGRO,36.25,
41,ZAPATO Z11217 MARINO,36.25,
41,ZAPATO Z11217 ROJO,36.25,
41,BOLSO ADARA B10149,47.99,
42,ZAPATO Z10581 NEGRO,35.50,
42,ZAPATO Z10581 AZUL,35.50,
42,ZAPATO Z10581 ROJO,35.50,
42,Bolso MAREY B10125 NEGRO,31.75,
42,Bolso MAREY B10125 ROJO,31.75,
43,BOLSO DIVINE B10133 BLANCO,47.99,
43,BOLSO DIVINE B10133 NEGRO,47.99,
43,BOLSO BIANCHI B10148 NEGRO,40.50,
43,BOLSO BIANCHI B10148 CAFÉ,40.50,
43,BOLSO KRIS B10126 NEGRO,33.50,
43,BOLSO KRIS B10126 CAFÉ,33.50,
44,ZAPATO Z11251 NEGRO,43.50,
44,ZAPATO Z11251 MARINO,43.50,
44,ZAPATO Z11251 ROJO,43.50,
44,BOLSO DIVINE B10133 BLANCO,47.99,
44,BOLSO DIVINE B10133 NEGRO,47.99,
45,ZAPATO Z11229 NEGRO,38.50,
45,ZAPATO Z11229 VINO,38.50,
45,BOLSO LORENZI B10144 NEGRO,40.50,
45,BOLSO LORENZI B10144 CAFÉ,40.50,
46,ZAPATO Z11181 NEGRO,40.50,
46,ZAPATO Z11181 ROJO,40.50,
46,ZAPATO Z11181 NUDE,40.50,
46,Bolso SASSARI B10025 UNICO,48.75,
47,ZAPATO Z11180 NEGRO,40.50,
47,ZAPATO Z11180 ROJO,40.50,
47,ZAPATO Z11180 BEIGE,40.50,
47,BOLSO TESLA B10150 NEGRO,39.25,
47,BOLSO TESLA B10150 CAFÉ,39.25,
48,ZAPATO Z11183 NEGRO,40.50,
48,BOLSO GALA B10154 NEGRO,36.25,
48,BOLSO GALA B10154 VINO,36.25,
48,ZAPATO Z11185 NEGRO,41.99,
48,BOLSO ODESSA B10153 NEGRO,40.25,
48,BOLSO ODESSA B10153 CAFÉ,40.25,
49,BOLSO ADARA B10149,47.99,
49,Bolso ELINA B10127 CAFÉ,32.50,
49,Bolso ELINA B10127 BEIGE,32.50,
49,Bolso MAREY B10125 NEGRO,31.75,
49,Bolso MAREY B10125 ROJO,31.75,
50,BOLSO CLAUDET B10146 NEGRO,36.25,
50,BOLSO CLAUDET B10146 CAFÉ,36.25,
50,BOLSO NEITH B10155 NEGRO,33.25,
50,BOLSO NEITH B10155 CAFÉ,33.25,
50,BOLSO LANCASTER B10145 NEGRO,31.50,
51,Wallet W10008 NEGRO,21.50,
51,Wallet W10008 TAUPE,21.50,
51,Wallet W10007 NEGRO,28.99,
51,Wallet W10007 TAUPE,28.99,
51,Wallet W10009 NEGRO,28.99,
51,Wallet W10009 ROJO,28.99,
51,Wallet W10009 BEIGE,28.99,
51,Wallet W10004 CAFÉ,21.99,
51,Wallet W10004 TAUPE,21.99,
51,Wallet W10004 NEGRO,21.99,
