PAGINA,DESCRIPCION,Precio
2,Zapato Z11191 ORO,38.99
2,Zapato Z11191 NEGRO,38.99
2,B10062 Bolso ITALIANO CAFÉ,93.99
2,B10062 Bolso ITALIANO BEIGE,93.99
3,Zapato Z11182 NEGRO,38.99
3,Zapato Z11182 BLANCO,38.99
3,B10057 Bolso BONAIRE BLANCO,47.50
3,B10057 Bolso BONAIRE NEGRO,47.50
4,Zapato Z11194 NEGRO,37.99
4,Zapato Z11194 BLANCO,37.99
4,B10057 Bolso BONAIRE BLANCO,47.50
4,B10057 Bolso BONAIRE NEGRO,47.50
5,Zapato Z10770 NEGRO,41.50
5,B10119 Bolso CELINE NEGRO,44.50
5,B10119 Bolso CELINE ROJO,44.50
6,Zapato Z10768 NEGRO,41.50
6,Zapato Z10768 ROJO,41.50
6,B10106 Bolso ELEIDA NEGRO,40.99
6,B10106 Bolso ELEIDA ROJO,40.99
7,B10133 Bolso Divine BLANCO,48.50
7,B10133 Bolso Divine NEGRO,48.50
7,B10128 Bolso Viktoria NEGRO,44.50
7,B10128 Bolso Viktoria CAFÉ,44.50
7,B10062 Bolso Italiano CAFÉ,93.99
7,B10062 Bolso Italiano BEIGE,93.99
8,Zapato Z11193 NEGRO,38.50
8,Zapato Z11193 HUESO,38.50
8,B10025 Bolso SASSARI UNICO,48.50
9,Zapato Z10781 ORO,37.50
9,Zapato Z10781 NEGRO,37.50
9,B10138 Bolso FERRE NEGRO,40.50
9,B10138 Bolso FERRE BRONZE,40.50
10,Zapato Z11192 NEGRO,40.50
10,Zapato Z11192 BLANCO,40.50
10,B10057 Bolso BONAIRE BLANCO,47.50
10,B10057 Bolso BONAIRE NEGRO,47.50
11,Zapato Z10898 NEGRO,42.50
11,Zapato Z10898 VINO,42.50
11,B10119 Bolso CELINE NEGRO,44.50
11,B10119 Bolso CELINE ROJO,44.50
12,Zapato Z10985 NEGRO,40.50
12,B10038 Bolso FIRENZE NEGRO,44.50
13,Zapato Z11187 NEGRO,34.50
13,B10106 Bolso ELEIDA NEGRO,40.99
13,B10106 Bolso ELEIDA ROJO,40.99
14,Zapato Z11179 NEGRO,40.99
14,B10088 Bolso SICILIA NEGRO,42.99
14,B10088 Bolso SICILIA BLANCO,42.99
15,B10123 Bolso IDRA NEGRO,44.50
15,B10123 Bolso IDRA ORQUIDEA,44.50
15,B10123 Bolso IDRA MORADO,44.50
15,B10140 Bolso MADISON MARINO,46.50
15,B10140 Bolso MADISON ROJO,46.50
16,Zapato Z11189 NEGRO,33.50
16,B10025 Bolso SASSARI UNICO,48.50
17,Zapato Z11184 NEGRO,33.50
17,B10128 Bolso Viktoria NEGRO,44.50
17,B10128 Bolso VIKTORIA CAFÉ,44.50
17,Zapato Z11088 NEGRO,40.50
17,B10038 Bolso FIRENZE NEGRO,44.50
18,Zapato Z11178 NEGRO,40.50
18,Zapato Z11178 BLANCO,40.50
18,B10133 Bolso Divine BLANCO,48.50
18,B10133 Bolso Divine NEGRO,48.50
19,Zapato Z11190 NEGRO,33.50
19,B10119 Bolso CELINE NEGRO,44.50
19,B10119 Bolso CELINE ROJO,44.50
19,Zapato Z10779 NEGRO,36.99
19,Z10128 Bolso VIKTORIA NEGRO,44.50
19,Z10128 Bolso VIKTORIA CAFÉ,44.50
20,Zapato Z11177 NEGRO,38.50
20,B10106 Bolso ELEIDA NEGRO,40.99
20,B10106 Bolso ELEIDA ROJO,40.99
21,B10119 Bolso CELINE NEGRO,44.50
21,B10119 Bolso CELINE ROJO,44.50
21,B10057 Bolso BONAIRE BLANCO,47.50
21,B10057 Bolso BONAIRE NEGRO,47.50
21,B10136 Bolso IBIZA MARINO,40.50
21,B10136 Bolso IBIZA ROJO,40.50
22,Zapato Z11188 NEGRO,33.50
22,B10088 Bolso SICILIA NEGRO,42.99
22,B10088 Bolso SICILIA BLANCO,42.99
23,Zapato Z11086 NEGRO,36.50
23,Zapato Z11086 VINO,36.50
23,B10119 Bolso CELINE NEGRO,44.50
23,B10119 Bolso CELINE ROJO,44.50
24,Zapato ZZ11135 NEGRO,24.99
24,Zapato ZZ11135 BEIGE,24.99
24,B10138 Bolso FERRE NEGRO,40.50
24,B10138 Bolso FERRE BRONZE,40.50
25,Zapato Z11162 MARINO,34.50
25,Zapato Z11162 ROJO,34.50
25,B10140 MADISON MARINO,46.50
25,B10140 MADISON ROJO,46.50
26,Zapato Z11139 NEGRO,30.50
26,Zapato Z11139 BEIGE,30.50
26,B10139 Bolso HABANA CAFÉ,41.99
26,B10139 Bolso HABANA NEGRO,41.99
27,B10106 Bolso ELEIDA NEGRO,40.99
27,B10106 Bolso ELEIDA ROJO,40.99
27,B10120 Bolso VICENZA CAFÉ,44.99
27,B10120 Bolso VICENZA BEIGE,44.99
28,Zapato Z11136 NEGRO,30.99
28,Zapato Z11136 NUDE,30.99
28,B10137 Bolso ELBA CAFÉ,47.99
28,B10137 Bolso ELBA NEGRO,47.99
29,Zapato Z11000 ROSA,42.50
29,Zapato Z11000 CORAL,42.50
29,B10127 Bolso ELINA CAFÉ,31.99
29,B10127 Bolso ELINA BEIGE,31.99
30,Zapato Z11005 NEGRO,38.99
30,Zapato Z11005 LILA,38.99
30,B10120 Bolso VICENZA CAFÉ,44.99
30,B10120 Bolso VICENZA BEIGE,44.99
31,Zapato Z10736 NEGRO,35.50
31,Zapato Z10736 MARINO,35.50
31,B10142 Bolso MOTIF UNICO,46.50
32,Zapato Z10780 NEGRO,35.50
32,Zapato Z10780 PLATA,35.50
32,B10088 Bolso SICILIA NEGRO,42.99
32,B10088 Bolso SICILIA BLANCO,42.99
33,B10137 Bolso ELBA CAFÉ,47.99
33,B10137 Bolso ELBA NEGRO,47.99
33,B10141 Bolso BARESI CAFÉ,44.50
33,B10141 Bolso BARESI BEIGE,44.50
34,Zapato Z10581 NEGRO,35.50
34,Zapato Z10581 AZUL,35.50
34,Zapato Z10581 ROJO,35.50
34,B10140 Bolso MADISON MARINO,46.50
34,B10140 Bolso MADISON ROJO,46.50
35,Zapato Z10565 NEGRO,39.50
35,B10057 Bolso BONAIRE,47.50
36,Zapato Z11080 NEGRO,38.99
36,Zapato Z11080 VINO,38.99
36,B10062 Bolso ITALIANO CAFÉ,93.99
36,B10062 Bolso ITALIANO BEIGE,93.99
37,Zapato Z11185 NEGRO,41.99
37,B10119 Bolso CELINE NEGRO,44.50
37,B10119 Bolso CELINE ROJO,44.50
38,Zapato Z11183 NEGRO,40.50
38,B10106 Bolso ELEIDA NEGRO,40.99
38,B10106 Bolso ELEIDA ROJO,40.99
39,B10025 Bolso SASSARI UNICO,48.50
39,B10038 Bolso FIRENZE NEGRO,44.50
39,B10142 Bolso MOTIF UNICO,46.50
39,B10138 Bolso FERRE NEGRO,40.50
39,B10138 Bolso FERRE BRONZE,40.50
40,Zapato Z11181 NEGRO,40.50
40,Zapato Z11181 ROJO,40.50
40,Zapato Z11181 NUDE,40.50
40,B10106 Bolso ELEIDA NEGRO,40.99
40,B10106 Bolso ELEIDA ROJO,40.99
41,Zapato Z11180 NEGRO,40.50
41,Zapato Z11180 ROJO,40.50
41,Zapato Z11180 BEIGE,40.50
41,B10141 Bolso BARESI CAFÉ,44.50
41,B10141 Bolso BARESI BEIGE,44.50
42,Zapato Z11111 NEGRO,19.99
42,Zapato Z11111 CAFÉ,19.99
42,B10137 Bolso ELBA CAFÉ,47.99
42,B10137 Bolso ELBA NEGRO,47.99
43,Zapato Z11134 NEGRO,20.50
43,Zapato Z11134 ARENA,20.50
43,B10025 Bolso SASSARI UNICO,48.50
44,Zapato Z11125 NEGRO,25.50
44,Zapato Z11125 NUDE,25.50
44,B10120 Bolso VICENZA CAFÉ,44.99
44,B10120 Bolso VICENZA BEIGE,44.99
45,B10125 Bolso MAREY NEGRO,29.99
45,B10125 Bolso MAREY ROJO,29.99
45,B10127 Bolso ELINA CAFÉ,31.99
45,B10127 Bolso ELINA BEIGE,31.99
45,B10126 Bolso KRIS NEGRO,33.50
46,Zapato Z11127 NEGRO,27.50
46,Zapato Z11127 CAFE,27.50
46,B10139 Bolso HABANA CAFÉ,41.99
46,B10139 Bolso HABANA NEGRO,41.99
47,Zapato Z11128 NEGRO,27.99
47,Zapato Z11128 CORAL,27.99
47,B10125 Bolso MAREY NEGRO,29.99
47,B10125 Bolso MAREY ROJO,29.99
48,Zapato Z11137 NEGRO,25.50
48,Zapato Z11137 BEIGE,25.50
48,B10135 Bolso MARCY BEIGE,43.99
48,B10135 Bolso MARCY NEGRO,43.99
49,Zapato Z11129 NEGRO,23.50
49,Zapato Z11129 BEIGE,23.50
49,B10139 Bolso HABANA CAFÉ,41.99
49,B10139 Bolso HABANA NEGRO,41.99
50,B10088 Bolso SICILIA NEGRO,42.99
50,B10088 Bolso SICILIA BLANCO,42.99
50,B10135 Bolso MARCY BEIGE,43.99
50,B10135 Bolso MARCY NEGRO,43.99
50,B10139 Bolso HABANA CAFÉ,41.99
50,B10139 Bolso HABANA NEGRO,41.99
51,Wallet W10008 NEGRO,21.50
51,Wallet W10008 TAUPE,21.50
51,Wallet W10007 NEGRO,28.99
51,Wallet W10007 TAUPE,28.99
51,Wallet W10009 NEGRO,28.99
51,Wallet W10009 ROJO,28.99
51,Wallet W10009 BEIGE,28.99
51,Wallet W10004 CAFÉ,21.99
51,Wallet W10004 TAUPE,21.99
